Subject ID,Slice Index,SSIM
6000877,0,0.8272473336481055
6000877,1,0.8577271250760595
6000877,2,0.7905734167153079
6000877,3,0.7936211381707746
6000877,4,0.7655998057234534
6000877,5,0.8164172601664413
6000877,6,0.7840812979952334
6000877,7,0.8090146867204515
6000877,8,0.7787358452504926
6000877,9,0.7690447156942278
6000877,10,0.8044685529936676
6000877,11,0.8280085696058667
6000877,12,0.8166952392550192
6000877,13,0.8818136248934983
6000877,14,0.8994272427039941
6000877,15,0.8879948854168855
2070147,0,0.8811761245838143
2070147,1,0.9065098857066171
2070147,2,0.9020494140768769
2070147,3,0.9505642429043164
2070147,4,0.9221848512719276
2070147,5,0.9162670807499025
2070147,6,0.9201070097988265
2070147,7,0.9396538703918536
2070147,8,0.9200220518894886
2070147,9,0.9389930107611808
2070147,10,0.9369797170995554
2070147,11,0.9120472583834643
2070147,12,0.9003302244242625
2070147,13,0.9097940492238189
2070147,14,0.9161743957669193
2070147,15,0.9267042783731295
2080257,0,0.8834219192770449
2080257,1,0.9002265909488789
2080257,2,0.9153263810473261
2080257,3,0.9204133612857216
2080257,4,0.8838627737295037
2080257,5,0.8608995951919722
2080257,6,0.8665885461726919
2080257,7,0.8516953574983591
2080257,8,0.8565261239826034
2080257,9,0.9273525242203052
2080257,10,0.8955823099055078
2080257,11,0.8727409119904928
2080257,12,0.9083000082090155
2080257,13,0.914109487915483
2080257,14,0.9253923741614449
2080257,15,0.9320862779357144
6000848,0,0.7163797505519487
6000848,1,0.7717824053802532
6000848,2,0.8317452549389343
6000848,3,0.8363401378320524
6000848,4,0.7534857363114824
6000848,5,0.7854550967896492
6000848,6,0.7876527782743568
6000848,7,0.7658321603372319
6000848,8,0.786099155089393
6000848,9,0.8370609476039699
6000848,10,0.8295919781920538
6000848,11,0.8602937266771981
6000848,12,0.8663594415460972
6000848,13,0.8578949439034801
6000848,14,0.8829243646402388
6000848,15,0.9042394243845955
2080227,0,0.8080519784911944
2080227,1,0.8671280384470821
2080227,2,0.8687232563464518
2080227,3,0.8283896153610317
2080227,4,0.9058202798830384
2080227,5,0.9183208327426335
2080227,6,0.888961722767019
2080227,7,0.8753179716710785
2080227,8,0.8481595689115707
2080227,9,0.8797399456135968
2080227,10,0.913448558988804
2080227,11,0.9334602585729189
2080227,12,0.9198253600911576
2080227,13,0.9210915702580671
2080227,14,0.928107472604115
2080227,15,0.9277033308624149
2050259,0,0.9330183429189577
2050259,1,0.9228674613826294
2050259,2,0.9213740800621868
2050259,3,0.9045628776837772
2050259,4,0.8793770166450563
2050259,5,0.8648732946846388
2050259,6,0.8563131928599457
2050259,7,0.8413986851505363
2050259,8,0.8252301846035224
2050259,9,0.8183967813347882
2050259,10,0.8561151234331316
2050259,11,0.8413238774050632
2050259,12,0.8340401634198497
2050259,13,0.8669181344555177
6000657,0,0.8341728295538198
6000657,1,0.9125611346126626
6000657,2,0.8847868029020279
6000657,3,0.8737810746506225
6000657,4,0.8611826986545505
6000657,5,0.8635495585510028
6000657,6,0.8727596149648841
6000657,7,0.8895471909791125
6000657,8,0.8714939984928455
6000657,9,0.8979660837755816
6000657,10,0.8580170542819551
6000657,11,0.885238451468516
6000657,12,0.9126525715139232
6000657,13,0.9219725039582719
6000657,14,0.8941151355859764
6000657,15,0.9381511237265292
6000281,0,0.9628726986366926
6000281,1,0.9134084728324355
6000281,2,0.9660535276664903
6000281,3,0.8270546658336781
6000281,4,0.9364827798338923
6000281,5,0.8428179062490025
6000281,6,0.9485191574947023
6000281,7,0.8893246749262798
6000281,8,0.9117003401001949
6000281,9,0.8746147301074089
6000281,10,0.8947514703914206
6000281,11,0.9389742006916595
6000281,12,0.9280476124513541
6000281,13,0.9633396666175245
6000281,14,0.9266621280508213
6000281,15,0.9567140728784154
2050026,0,0.9116530567843711
2050026,1,0.9015689386196958
2050026,2,0.9073484405082137
2050026,3,0.9217352256727377
2050026,4,0.9373251967565553
2050026,5,0.8618803224310199
2050026,6,0.8523677941416203
2050026,7,0.8597888185109341
2050026,8,0.8796137663191546
2050026,9,0.8250045487523084
2050026,10,0.8565183432702543
2050026,11,0.8489582151818355
2050026,12,0.8411589508423808
2050026,13,0.8726728082652313
2050026,14,0.8942914611346031
2050026,15,0.9103165625324414
6002392,0,0.8481346585198833
6002392,1,0.5852074493306387
6002392,2,0.7651009530825608
6002392,3,0.7527369089042826
6002392,4,0.6822025531274845
6002392,5,0.7518322998430077
6002392,6,0.7585044336335016
6002392,7,0.8207375941382021
6002392,8,0.8578475775921022
6002392,9,0.8237362815382006
6002392,10,0.7786862506799386
6002392,11,0.791450980387968
6002392,12,0.8188395306881322
6002392,13,0.848825172834353
6002392,14,0.8402917214190349
6002392,15,0.8580858566066973
6000321,0,0.948614514195336
6000321,1,0.9468353399692218
6000321,2,0.9101257053228496
6000321,3,0.930564097507191
6000321,4,0.9240650381800659
6000321,5,0.9298619030812187
6000321,6,0.9467497922650672
6000321,7,0.9135735201958293
6000321,8,0.932133807683728
6000321,9,0.912012089023496
6000321,10,0.933401705998846
6000321,11,0.9233196630261056
6000321,12,0.941622391346528
6000321,13,0.9443148813144722
6000321,14,0.9451332887439649
6000321,15,0.9485011475471998
2070354,0,0.8730596242424453
2070354,1,0.8977380969309365
2070354,2,0.8502000810821484
2070354,3,0.8398684079837289
2070354,4,0.8186675246033853
2070354,5,0.8560664060107918
2070354,6,0.8404516496186341
2070354,7,0.8679743562894812
2070354,8,0.8598502009350513
2070354,9,0.8550106091265882
2070354,10,0.8716308697349123
2070354,11,0.886342671279682
2070354,12,0.8819393431448153
2070354,13,0.911384314558249
2070354,14,0.9206226947422694
2070354,15,0.9173900203080235
2080392,0,0.9259898186325145
2080392,1,0.9210694137095441
2080392,2,0.874745216467244
2080392,3,0.8969241266397512
2080392,4,0.8926019134584087
2080392,5,0.8898636126603912
2080392,6,0.9202579195105411
2080392,7,0.8839085098293998
2080392,8,0.9023280922509608
2080392,9,0.8760345505500199
2080392,10,0.9056256359601045
2080392,11,0.8808800108128587
2080392,12,0.9075046512691695
2080392,13,0.8997267049895606
2080392,14,0.8901626716456155
2080392,15,0.9000061582623908
6002227,0,0.9144222612754208
6002227,1,0.915429731303621
6002227,2,0.8903354947941428
6002227,3,0.9273809131769062
6002227,4,0.9162998953543658
6002227,5,0.9264436386189637
6002227,6,0.9246900909816561
6002227,7,0.9066213953215144
6002227,8,0.9131722958961624
6002227,9,0.9171160963367434
6002227,10,0.9207994320017568
6002227,11,0.9033712542647037
6002227,12,0.9514288211504577
6002227,13,0.9502869101834719
6002227,14,0.9431421422378453
6002227,15,0.9588274613044513
6000269,0,0.8683299470349187
6000269,1,0.8958230390311389
6000269,2,0.881847178933743
6000269,3,0.9061048669023798
6000269,4,0.8399517099715971
6000269,5,0.8523201725753171
6000269,6,0.8977770839318677
6000269,7,0.8649157078827812
6000269,8,0.9125535768094016
6000269,9,0.9637475043960094
6000269,10,0.9523811321017893
6000269,11,0.8929003763327757
6000269,12,0.895452263280226
6000269,13,0.8707094584773836
6000269,14,0.8977973541454776
6000269,15,0.9113218139790402
2050102,0,0.9013157580118241
2050102,1,0.8907187285102406
2050102,2,0.911955014658272
2050102,3,0.7822821589721509
2050102,4,0.9709033887418574
2050102,5,0.9127726833373657
2050102,6,0.9243429068969146
2050102,7,0.9495529292233901
2050102,8,0.9079762369199074
2050102,9,0.9320449683659406
2050102,10,0.9090872368452204
2050102,11,0.8413879646284665
2050102,12,0.9091195922597282
2050102,13,0.9321667029687691
6000302,0,0.8471850180741535
6000302,1,0.8647308880909255
6000302,2,0.8036974076198248
6000302,3,0.844686670767579
6000302,4,0.8590642877859782
6000302,5,0.8676333920533325
6000302,6,0.8836778576789922
6000302,7,0.8666603824391846
6000302,8,0.8549551542994013
6000302,9,0.8605238401383097
6000302,10,0.8815041036171205
6000302,11,0.8741118661199463
6000302,12,0.8901143903103459
6000302,13,0.8968791068561616
6000302,14,0.8713868946023091
6000302,15,0.8808605052888951
6000642,0,0.8372077661021639
6000642,1,0.7547478426061522
6000642,2,0.8007506804935103
6000642,3,0.8156366129249042
6000642,4,0.8717793021092878
6000642,5,0.8716081804333929
6000642,6,0.8336209528702949
6000642,7,0.9348447758933136
6000642,8,0.9358194526484184
6000642,9,0.8887913025994703
6000642,10,0.9063357077323277
6000642,11,0.9221727243571326
6000642,12,0.9108041489034364
6000642,13,0.9234751344310134
6000642,14,0.9318693734731808
6000642,15,0.93451531779273
2070505,0,0.8703459512049673
2070505,1,0.9116865050679539
2070505,2,0.869559919260948
2070505,3,0.8700894566930968
2070505,4,0.6905880526052669
2070505,5,0.7900534182874908
2070505,6,0.7830807835749127
2070505,7,0.7037542949182904
2070505,8,0.8050978670887728
2070505,9,0.7879788603321051
2070505,10,0.8031055465797113
2070505,11,0.7848504875730721
2070505,12,0.819338802184861
2070505,13,0.819581772450134
2070505,14,0.8716012144445484
2070505,15,0.9039357167118787
6002188,0,0.8131198668971108
6002188,1,0.8382695314320868
6002188,2,0.7618292387693258
6002188,3,0.8281794474664769
6002188,4,0.8452379931197357
6002188,5,0.8578062237141219
6002188,6,0.8705845849964425
6002188,7,0.8530967911643142
6002188,8,0.844901849641381
6002188,9,0.8568592123384098
6002188,10,0.8652454901676098
6002188,11,0.87587057722683
6002188,12,0.8918860013227344
6002188,13,0.9053861858908806
6002188,14,0.8809453820557364
6002188,15,0.8829609021780146
2080345,0,0.9339312888059782
2080345,1,0.805184607679908
2080345,2,0.8007852971298578
2080345,3,0.8125847290015867
2080345,4,0.9127173778097281
2080345,5,0.9242052117931856
2080345,6,0.9455091191307543
2080345,7,0.9225067857077026
2080345,8,0.938703651161268
2080345,9,0.8179442996597913
2080345,10,0.808976969133225
2080345,11,0.8133178437108208
2080345,12,0.8243006554605949
2080345,13,0.8399233612155727
2080345,14,0.8540482370092028
2080345,15,0.890400325719699
2080477,0,0.8115588875340864
2080477,1,0.8626398047762104
2080477,2,0.8596195828348218
2080477,3,0.9079615530652226
2080477,4,0.910833558530126
2080477,5,0.9071851064592099
2080477,6,0.8727201287096642
2080477,7,0.9113763508231469
2080477,8,0.9233300191952487
2080477,9,0.9148714662559225
2080477,10,0.8928479225317679
2080477,11,0.9417279345506311
2080477,12,0.9023661470620732
2080477,13,0.9259422879302024
6000661,0,0.8737710866978184
6000661,1,0.8751563822453908
6000661,2,0.8510535595215716
6000661,3,0.890777980970271
6000661,4,0.8808879274739805
6000661,5,0.8925376952513975
6000661,6,0.9014403648900874
6000661,7,0.8734851498393057
6000661,8,0.8739652824772253
6000661,9,0.8660701513835504
6000661,10,0.864703554480736
6000661,11,0.8685122211619075
6000661,12,0.9071847614068945
6000661,13,0.9135752208161863
6000661,14,0.9111984199658618
6000661,15,0.9251462147610493
2080127,0,0.936283644055707
2080127,1,0.9343419656108153
2080127,2,0.9722212536017398
2080127,3,0.9444988372124594
2080127,4,0.9605627032811218
2080127,5,0.9551790074701253
2080127,6,0.9487553271189464
2080127,7,0.9616728073548106
2080127,8,0.9566810868783345
2080127,9,0.9641372198324692
2080127,10,0.9755611708142808
2080127,11,0.9573750920669665
2080127,12,0.9634496285114743
2080127,13,0.9573801880256003
2080127,14,0.960735688644708
2080127,15,0.9557282211501482
2070450,0,0.8914615684018479
2070450,1,0.8666364588104134
2070450,2,0.8517696395735007
2070450,3,0.8332924522784289
2070450,4,0.8218077793425888
2070450,5,0.814345328711143
2070450,6,0.8317345897399849
2070450,7,0.8637594490556346
2070450,8,0.875892517406207
2070450,9,0.8654041180712295
2070450,10,0.8717713111825233
2070450,11,0.8690733908843523
2070450,12,0.8865456627691584
2070450,13,0.8971546035198028
2070450,14,0.9159529171491608
2070450,15,0.9193274893379632
6002413,0,0.9037671350341185
6002413,1,0.9042222680063079
6002413,2,0.9196798295461797
6002413,3,0.8957522159016281
6002413,4,0.9165770939287112
6002413,5,0.93468877936067
6002413,6,0.9153611258741441
6002413,7,0.919466404646604
6002413,8,0.9380510605454568
6002413,9,0.9133781184595919
6002413,10,0.945484628139934
6002413,11,0.9281657687338161
6002413,12,0.9175750161595274
6002413,13,0.9141929045127526
6002413,14,0.9444491287219289
6002413,15,0.959663096247677
2070786,0,0.7159803090353061
2070786,1,0.8612780116684
2070786,2,0.897391478217809
2070786,3,0.8868772115952254
2070786,4,0.919101997118818
2070786,5,0.8808341181812358
2070786,6,0.8362130720577199
2070786,7,0.8803390678386712
2070786,8,0.8722391305326339
2070786,9,0.903122161756307
2070786,10,0.8919743802088976
2070786,11,0.8696925923005694
2070786,12,0.8655431916322216
2070786,13,0.8436147039407871
2070786,14,0.8618397545006162
2070786,15,0.8835449134651877
2080393,0,0.8201158813712501
2080393,1,0.8009183902077627
2080393,2,0.7922419817123814
2080393,3,0.8640156112682272
2080393,4,0.8973996682862799
2080393,5,0.891763013006783
2080393,6,0.7880286523105696
2080393,7,0.9039603270720423
2080393,8,0.8873925101480685
2080393,9,0.8316611801749624
2080393,10,0.8606319193429901
2080393,11,0.918307803554845
2080393,12,0.8764675582440258
2080393,13,0.8977685108937409
2080393,14,0.9221398005613176
2080393,15,0.9198589779474552
2070214,0,0.8643787014903849
2070214,1,0.9012571903445139
2070214,2,0.8507764158507649
2070214,3,0.9125166822333234
2070214,4,0.8816213236512175
2070214,5,0.906328474582855
2070214,6,0.9219640300481811
2070214,7,0.8908573333132062
2070214,8,0.8878868661885367
2070214,9,0.8749705212588859
2070214,10,0.8795370423556019
2070214,11,0.8753991985108437
2070214,12,0.9097681559795572
2070214,13,0.9239136239677241
2070214,14,0.9214341292374527
2070214,15,0.9296495864124336
2070083,0,0.8178251243565876
2070083,1,0.8530637176349649
2070083,2,0.8545817616032273
2070083,3,0.8977355001408531
2070083,4,0.9327241577701564
2070083,5,0.840875339653217
2070083,6,0.9351663418704451
2070083,7,0.9427441722737291
2070083,8,0.8254101121750581
2070083,9,0.925194326780227
2070083,10,0.8464541426796308
2070083,11,0.8936634417798339
2070083,12,0.915037861268693
2070083,13,0.8604265795520575
2070083,14,0.9139914335519961
2070083,15,0.926125638680453
2070123,0,0.6712447394379405
2070123,1,0.7703482988909779
2070123,2,0.8500245548398495
2070123,3,0.8316543689764225
2070123,4,0.6821347735694788
2070123,5,0.7635091944627126
2070123,6,0.7016386616257432
2070123,7,0.7058351552028935
2070123,8,0.7034814024142781
2070123,9,0.8360025421712548
2070123,10,0.8364540851753277
2070123,11,0.8403704605081841
2070123,12,0.8494551430876013
2070123,13,0.8470953616182576
2070123,14,0.8746649253376904
2070123,15,0.8963622428199091
6001850,0,0.866891528927381
6001850,1,0.862342017881551
6001850,2,0.7798358518466305
6001850,3,0.7995418554713206
6001850,4,0.8108573843817445
6001850,5,0.8490012809705296
6001850,6,0.8316921495326882
6001850,7,0.8344102421330082
6001850,8,0.8676612743591212
6001850,9,0.8516923831105123
6001850,10,0.8298171172901433
6001850,11,0.8804978687888395
6001850,12,0.8974070644880181
6001850,13,0.8785512540856965
6001850,14,0.9010828870501996
6001850,15,0.9159139351149668
6001320,0,0.8296717035568121
6001320,1,0.8639524804016842
6001320,2,0.8886621850559914
6001320,3,0.8969901952725854
6001320,4,0.8498591447521646
6001320,5,0.8757749158246361
6001320,6,0.8387697354825883
6001320,7,0.8725140024200199
6001320,8,0.890125759794964
6001320,9,0.899798466677038
6001320,10,0.8938252434829147
6001320,11,0.8960712789553708
6001320,12,0.9225274284746843
6001320,13,0.902776378161205
6002772,0,0.7737941869628072
6002772,1,0.7181553876208002
6002772,2,0.8014363403838283
6002772,3,0.8094229936029751
6002772,4,0.8891004858988567
6002772,5,0.8317193733616787
6002772,6,0.8486281428064915
6002772,7,0.7747104753813494
6002772,8,0.8419366811831682
6002772,9,0.8731780051447123
6002772,10,0.8331601301959759
6002772,11,0.8390310975652993
6002772,12,0.7927451983177235
6002772,13,0.8741228620441508
6002772,14,0.8556759259725023
6002772,15,0.8698990038837404
2080637,0,0.8795646266120164
2080637,1,0.9317658939931535
2080637,2,0.8695816445801212
2080637,3,0.9498589399566458
2080637,4,0.9297447663394797
2080637,5,0.8946540974690758
2080637,6,0.9425775211767944
2080637,7,0.9303655910941638
2080637,8,0.8812422604666318
2080637,9,0.9315553642042473
2080637,10,0.9245083016443834
2080637,11,0.9186769443674095
2080637,12,0.9143669661541667
2080637,13,0.9280465770506866
2080637,14,0.9355553060489598
2080637,15,0.9324748247764965
2070532,0,0.8002653684982833
2070532,1,0.7840518108801111
2070532,2,0.8413123303457167
2070532,3,0.784242980600784
2070532,4,0.784696029607574
2070532,5,0.8465180349172375
2070532,6,0.8188755023848814
2070532,7,0.8398868721773507
2070532,8,0.8504151356483649
2070532,9,0.8467854911148338
2070532,10,0.8601175022870545
2070532,11,0.8440938601382459
2070532,12,0.8558184244120914
2070532,13,0.8442189294819801
2070532,14,0.8660372598973967
2070532,15,0.9055206930375008
6002750,0,0.7706868406432134
6002750,1,0.8006802523262161
6002750,2,0.7126092212758436
6002750,3,0.8043926414780914
6002750,4,0.8222292195224638
6002750,5,0.8327567481953005
6002750,6,0.8439964448462038
6002750,7,0.8109873471510559
6002750,8,0.8294309352387805
6002750,9,0.8280292975051163
6002750,10,0.8175733068237576
6002750,11,0.8206093776917617
6002750,12,0.8202031540381128
6002750,13,0.82882459565407
6002750,14,0.8235343771732807
6002750,15,0.8107526792968273
2070179,0,0.9145857394467194
2070179,1,0.904894285362202
2070179,2,0.9183342180329325
2070179,3,0.9232628477723837
2070179,4,0.8753840925971144
2070179,5,0.811480788087403
2070179,6,0.8519506697467824
2070179,7,0.8483775539686544
2070179,8,0.7979308006219938
2070179,9,0.883633131119023
2070179,10,0.8403055981644032
2070179,11,0.8117453105374446
2070179,12,0.856117801018651
2070179,13,0.8414974928815842
2070179,14,0.8930421630256499
2070179,15,0.9046223399504868
2080664,0,0.8203610124081518
2080664,1,0.8984099590509504
2080664,2,0.8814088930676479
2080664,3,0.8752537308046279
2080664,4,0.8360914853312522
2080664,5,0.8469686116356727
2080664,6,0.8537927949557252
2080664,7,0.8458189639945621
2080664,8,0.8303217907709707
2080664,9,0.901800278177682
2080664,10,0.8517124952374306
2080664,11,0.8668450011206175
2080664,12,0.8820796134141304
2080664,13,0.9307656652577254
2080664,14,0.9104509674581143
2080664,15,0.9038143751043134
6002862,0,0.8260486822858485
6002862,1,0.8170354423958626
6002862,2,0.9125170096322607
6002862,3,0.8344526434603642
6002862,4,0.8382509153382792
6002862,5,0.8643166937269116
6002862,6,0.8726601473292439
6002862,7,0.8762924286328512
6002862,8,0.8710078228826167
6002862,9,0.8701423093425052
6002862,10,0.8427306685963888
6002862,11,0.8778184508770301
6002862,12,0.8802014696691088
6002862,13,0.9103964649095868
6002862,14,0.893379300000082
6002862,15,0.9230614629549116
6001959,0,0.8485575987796644
6001959,1,0.865605812054652
6001959,2,0.8928403916165745
6001959,3,0.8951636819015805
6001959,4,0.8492065434809568
6001959,5,0.8853831276605362
6001959,6,0.8577981177431525
6001959,7,0.8824123315885275
6001959,8,0.9021642340584783
6001959,9,0.9028620317736475
6001959,10,0.8982484266631747
6001959,11,0.8936964889605756
6001959,12,0.9244101639310601
6001959,13,0.8953830436024036
6002003,0,0.8501051013435563
6002003,1,0.8352301110690094
6002003,2,0.8423661517414153
6002003,3,0.8352711920153003
6002003,4,0.7753559563455441
6002003,5,0.8438615517892478
6002003,6,0.8277090707568923
6002003,7,0.8177801308848788
6002003,8,0.8535881818551995
6002003,9,0.8727836108820854
6002003,10,0.8422668373037129
6002003,11,0.8664299449700045
6002003,12,0.8593357671735058
6002003,13,0.8621312127247623
6002003,14,0.8698661472221195
6002003,15,0.8854449704090961
2050068,0,0.8703613207062024
2050068,1,0.9025082232819376
2050068,2,0.8410835460839649
2050068,3,0.8678015262575827
2050068,4,0.8715711049725713
2050068,5,0.8627942641669858
2050068,6,0.8286295554252703
2050068,7,0.8435853522899075
2050068,8,0.8699690812311361
2050068,9,0.8549291862527506
2050068,10,0.8624372415409499
2050068,11,0.8847159032703985
2050068,12,0.8917147912635055
2050068,13,0.8962816319409632
2050068,14,0.908890929518851
2050068,15,0.9262750682817785
6001797,0,0.9267983448800013
6001797,1,0.9382487432986621
6001797,2,0.904475279785677
6001797,3,0.9443986693446396
6001797,4,0.9082224738515883
6001797,5,0.94818901244361
6001797,6,0.954605365103415
6001797,7,0.9091403116693044
6001797,8,0.9143628692911062
6001797,9,0.9220631885050983
6001797,10,0.8964296343936564
6001797,11,0.9211605485282309
6001797,12,0.9258919950821181
6001797,13,0.9597991025162537
6001797,14,0.9248536952179502
6001797,15,0.930002800414143
2080275,0,0.9286807223143856
2080275,1,0.9179975201341598
2080275,2,0.9311744194939477
2080275,3,0.9298165105748616
2080275,4,0.8900067563614686
2080275,5,0.8392861934436837
2080275,6,0.8681935864277935
2080275,7,0.8631183886164374
2080275,8,0.8008987223674879
2080275,9,0.8947879429537624
2080275,10,0.8561620123669341
2080275,11,0.826135648622549
2080275,12,0.8744145573980822
2080275,13,0.8576006811144091
2080275,14,0.9102484471679739
2080275,15,0.927536586023081
6001699,0,0.9148091456370814
6001699,1,0.9440861606743656
6001699,2,0.9543205019450213
6001699,3,0.9458886887058693
6001699,4,0.9444735874351924
6001699,5,0.9137221084534928
6001699,6,0.8694296004030471
6001699,7,0.7813352888688929
6001699,8,0.844856248460773
6001699,9,0.7970052763217365
6001699,10,0.7689988153890381
6001699,11,0.8140959604299588
6001699,12,0.8218266022664297
6001699,13,0.8218173913837797
6001699,14,0.8386023226087069
6001699,15,0.8384748911004145
2080003,0,0.8614923438026937
2080003,1,0.7564724653295044
2080003,2,0.8426184929577852
2080003,3,0.8603827652644773
2080003,4,0.8692233730612964
2080003,5,0.8775715018897103
2080003,6,0.8930367674054808
2080003,7,0.8683605219726435
2080003,8,0.8804971870822765
2080003,9,0.8590071562178936
2080003,10,0.8752894874821047
2080003,11,0.8695707712943584
2080003,12,0.9131619570247976
2080003,13,0.9075019933363799
2080003,14,0.9234013496432036
2080003,15,0.949381306783996
2080553,0,0.8963353815025404
2080553,1,0.9231531910231964
2080553,2,0.8999599940509243
2080553,3,0.9009153060448519
2080553,4,0.7440897142925471
2080553,5,0.8313350791889575
2080553,6,0.8189999981911541
2080553,7,0.7559524326492629
2080553,8,0.845617778559132
2080553,9,0.8376467840930469
2080553,10,0.8599991400223055
2080553,11,0.8399176101426028
2080553,12,0.8618944596225178
2080553,13,0.8707615634334179
2080553,14,0.9096136345249983
2080553,15,0.9293789434938092
2050159,0,0.834546810054251
2050159,1,0.9278654031267166
2050159,2,0.9043450059174784
2050159,3,0.9209445517510771
2050159,4,0.9314828828587532
2050159,5,0.9147186268227268
2050159,6,0.9474790008010864
2050159,7,0.9183432578671574
2050159,8,0.9300476180272103
2050159,9,0.9288970969977379
2050159,10,0.8715274173281714
2050159,11,0.8867914102016691
2050159,12,0.8950742354747755
2050159,13,0.8996816101412122
6002703,0,0.9013318080090107
6002703,1,0.8934173851994935
6002703,2,0.908118660212005
6002703,3,0.9239340425404438
6002703,4,0.9598452516983996
6002703,5,0.9435476473485518
6002703,6,0.9406981370451547
6002703,7,0.924297257150125
6002703,8,0.9136236974446957
6002703,9,0.9128747275970976
6002703,10,0.9393226019946643
6002703,11,0.9112367819096389
6002703,12,0.9152791632363004
6002703,13,0.9347466724072113
6002703,14,0.9254446958083733
6002703,15,0.9060012829046343
6002680,0,0.9211099929200112
6002680,1,0.8862520075762442
6002680,2,0.8536165173380644
6002680,3,0.8621872293611662
6002680,4,0.8584769785534098
6002680,5,0.9057426637324285
6002680,6,0.8620765326619096
6002680,7,0.881460067353455
6002680,8,0.861877073340348
6002680,9,0.8710710068202542
6002680,10,0.8649060943530209
6002680,11,0.8349134044811923
6002680,12,0.8205313446691087
6002680,13,0.8682867260515492
2080704,0,0.9462862835081391
2080704,1,0.8777807026828852
2080704,2,0.9549701840798619
2080704,3,0.7592124757705868
2080704,4,0.9129506483720681
2080704,5,0.7697122756841056
2080704,6,0.921239936971372
2080704,7,0.8534154799947689
2080704,8,0.8825940038126882
2080704,9,0.8362364835030984
2080704,10,0.8608424469771938
2080704,11,0.9050657523820148
2080704,12,0.8891985830277183
2080704,13,0.9392234686716784
2080704,14,0.9007923026562261
2080704,15,0.9314547515554472
6002668,0,0.7935961848594906
6002668,1,0.8551003157410265
6002668,2,0.8521409572072584
6002668,3,0.8198043885558673
6002668,4,0.8948238709704653
6002668,5,0.8999721583301656
6002668,6,0.8687071385272523
6002668,7,0.8692910980516607
6002668,8,0.856105406482113
6002668,9,0.864464447994126
6002668,10,0.8797944992979161
6002668,11,0.9183921819968724
6002668,12,0.8983755906707724
6002668,13,0.9148958150935592
6002668,14,0.8648849179619743
6002668,15,0.8862924110315716
2070804,0,0.9055087136464607
2070804,1,0.9070395851719948
2070804,2,0.9196394553792557
2070804,3,0.931335488531768
2070804,4,0.9379432453375303
2070804,5,0.8569188628412554
2070804,6,0.8460592504311568
2070804,7,0.8608882179421561
2070804,8,0.8810251898125644
2070804,9,0.8405516163353989
2070804,10,0.8733569281724255
2070804,11,0.8727502579684687
2070804,12,0.881175508596053
2070804,13,0.8981436097576826
2070804,14,0.9198686914970973
2070804,15,0.9356480303754997
2070010,0,0.8421340391220511
2070010,1,0.8030952614105689
2070010,2,0.8292616841510058
2070010,3,0.8104436355941267
2070010,4,0.8039970412168086
2070010,5,0.8925563121877033
2070010,6,0.8823903213014833
2070010,7,0.907317113715581
2070010,8,0.8239050376101125
2070010,9,0.9174325808464506
2070010,10,0.8480131442963295
2070010,11,0.8301006271020922
2070010,12,0.8264179129798092
2070010,13,0.8950720251589275
2070010,14,0.914503085412597
2070010,15,0.8992241132553768
6000148,0,0.862488959501227
6000148,1,0.8868332710913762
6000148,2,0.8669335639605269
6000148,3,0.8531368940674692
6000148,4,0.8166865461822256
6000148,5,0.7875309935925067
6000148,6,0.8468301397763532
6000148,7,0.8076562151656499
6000148,8,0.8245910411742327
6000148,9,0.8278044807395976
6000148,10,0.8884019049841564
6000148,11,0.855910364213159
6000148,12,0.8790146636696371
6000148,13,0.9120466325796143
6000148,14,0.909033133719474
6000148,15,0.9272807708848674
2070259,0,0.8411208870932296
2070259,1,0.7345609523319783
2070259,2,0.8263456258078637
2070259,3,0.8443610640968232
2070259,4,0.8619081487341851
2070259,5,0.8619686865213981
2070259,6,0.8800680095505727
2070259,7,0.8592564984582378
2070259,8,0.8807526690866735
2070259,9,0.8540044224324479
2070259,10,0.8644658079893697
2070259,11,0.870050497199453
2070259,12,0.8874849047946175
2070259,13,0.8613697470354464
2070259,14,0.8852886660880447
2070259,15,0.9328419562134669
6000861,0,0.8101629146370398
6000861,1,0.8419621555143263
6000861,2,0.7967872659186934
6000861,3,0.83565358076065
6000861,4,0.8044555311361398
6000861,5,0.8089230399166898
6000861,6,0.8268267959413365
6000861,7,0.7572985871962113
6000861,8,0.8514832159383058
6000861,9,0.880333052963158
6000861,10,0.8539042196738184
6000861,11,0.84753016185129
6000861,12,0.8530826557547779
6000861,13,0.8936205216676276
6000861,14,0.9060856766817349
6000861,15,0.8975420109867182
6000023,0,0.8807195562448997
6000023,1,0.7545067876298658
6000023,2,0.8727275328193536
6000023,3,0.8304618865439505
6000023,4,0.8809182339045207
6000023,5,0.7907636545939764
6000023,6,0.8695796868151312
6000023,7,0.9119746473683267
6000023,8,0.8810475017157108
6000023,9,0.8132253027982294
6000023,10,0.8815728610766943
6000023,11,0.9004184992546138
6000023,12,0.9146148264375307
6000023,13,0.9233000521261524
6002735,0,0.7721394210298971
6002735,1,0.8748098145054632
6002735,2,0.8824822546439351
6002735,3,0.8292442180229921
6002735,4,0.7933408487187472
6002735,5,0.8771476822865429
6002735,6,0.9120589399674635
6002735,7,0.8580669791134496
6002735,8,0.8687718520762597
6002735,9,0.8811060830745284
6002735,10,0.8715200316849258
6002735,11,0.8366264886701418
6002735,12,0.8983152942009014
6002735,13,0.8345400659674238
6002735,14,0.8927293367712145
6002735,15,0.8795637348844814
2070327,0,0.9006138023462503
2070327,1,0.8913494593871675
2070327,2,0.8532472429006367
2070327,3,0.8452503005237705
2070327,4,0.8580010830456636
2070327,5,0.8766903191778715
2070327,6,0.8704370440805134
2070327,7,0.8484454371104159
2070327,8,0.8483496996578468
2070327,9,0.8700354714895475
2070327,10,0.8686906496105213
2070327,11,0.9032933214276154
2070327,12,0.8919772486867267
2070327,13,0.9061385547876344
2070327,14,0.9137056718423061
2070327,15,0.9262727204322041
6000597,0,0.7496463165198985
6000597,1,0.7882705171011014
6000597,2,0.846497080944643
6000597,3,0.8435891597387398
6000597,4,0.7817700573164642
6000597,5,0.802063976454474
6000597,6,0.79560899490816
6000597,7,0.7909332629701472
6000597,8,0.8053033637470208
6000597,9,0.8508313046917376
6000597,10,0.8518710407755076
6000597,11,0.8750592520641876
6000597,12,0.8853704339654167
6000597,13,0.8734782398080224
6000597,14,0.8915798296727462
6000597,15,0.9066406057199426
6001064,0,0.8720783522971698
6001064,1,0.8889254751463462
6001064,2,0.8392193226450914
6001064,3,0.8332870301702419
6001064,4,0.8142457317272133
6001064,5,0.8522948121475806
6001064,6,0.8301571393883336
6001064,7,0.8604287364518982
6001064,8,0.8351127603832749
6001064,9,0.8311492266464412
6001064,10,0.8600472890327776
6001064,11,0.8788858812846829
6001064,12,0.8670057320627886
6001064,13,0.9203953298953198
6001064,14,0.9284221625123774
6001064,15,0.9113640255974867
2070357,0,0.8709314944852776
2070357,1,0.8389946652010238
2070357,2,0.8525163080215823
2070357,3,0.821536750521837
2070357,4,0.8257892272541778
2070357,5,0.9026585353223361
2070357,6,0.8954716831682811
2070357,7,0.9119137383657016
2070357,8,0.841292062834577
2070357,9,0.9240131066600198
2070357,10,0.8612426477167618
2070357,11,0.850657485996549
2070357,12,0.856121525090195
2070357,13,0.9103084067292977
2070357,14,0.9286085929486467
2070357,15,0.9156021872843952
2070490,0,0.9231936411208361
2070490,1,0.9154116662051088
2070490,2,0.8845500399055124
2070490,3,0.8838625108887052
2070490,4,0.8886341338722803
2070490,5,0.8925321510252662
2070490,6,0.9166971537150457
2070490,7,0.8686930609751875
2070490,8,0.9040614057370241
2070490,9,0.8748653424431804
2070490,10,0.9131931032711
2070490,11,0.8739040742971004
2070490,12,0.912001140850279
2070490,13,0.9062413578191475
2070490,14,0.9027149178975281
2070490,15,0.920372560145517
6002737,0,0.8287788746803353
6002737,1,0.7013100372967414
6002737,2,0.811000701847866
6002737,3,0.8270129571314285
6002737,4,0.7260003016815081
6002737,5,0.7714951948814616
6002737,6,0.8753248356186962
6002737,7,0.7756993497396085
6002737,8,0.8382429589257198
6002737,9,0.8046197104048931
6002737,10,0.8138569359436869
6002737,11,0.7640006687783737
6002737,12,0.7392987666034504
6002737,13,0.8217805668095458
6002737,14,0.8499434179690972
6002737,15,0.88100506567717
6000162,0,0.747067710753868
6000162,1,0.8845886647304313
6000162,2,0.9283576847198463
6000162,3,0.9177277727155684
6000162,4,0.9505361973901321
6000162,5,0.9212499476290472
6000162,6,0.8838196134467478
6000162,7,0.9230405035430447
6000162,8,0.9240926321017695
6000162,9,0.9459304504183341
6000162,10,0.9398665176598698
6000162,11,0.9282463604079002
6000162,12,0.9340225594400302
6000162,13,0.9159189133001838
6000162,14,0.9341255868497828
6000162,15,0.9592244909333141
6001645,0,0.9645348317869992
6001645,1,0.949508606237936
6001645,2,0.9390985664027539
6001645,3,0.9371981685013975
6001645,4,0.9471204539993924
6001645,5,0.9510419631931586
6001645,6,0.9482828893339597
6001645,7,0.9396868452713529
6001645,8,0.9139547205605505
6001645,9,0.9035052466894811
6001645,10,0.9070143209350645
6001645,11,0.8676077771100746
6001645,12,0.9154969622846789
6001645,13,0.91859379755147
6001645,14,0.9440214571620373
6001645,15,0.9465862554507126
2070612,0,0.9411625369943472
2070612,1,0.9340815602450696
2070612,2,0.8972560043416697
2070612,3,0.914463677153712
2070612,4,0.907305123120322
2070612,5,0.90985821362366
2070612,6,0.9354147724847063
2070612,7,0.8982000478266003
2070612,8,0.9145303151937952
2070612,9,0.8957787821381772
2070612,10,0.9238826803514645
2070612,11,0.9006282568254768
2070612,12,0.9293903678806865
2070612,13,0.9274996473898927
2070612,14,0.9145750562809274
2070612,15,0.9363932010912405
2080469,0,0.8612362888060875
2080469,1,0.8229220792495731
2080469,2,0.8419599623912342
2080469,3,0.8180923286450389
2080469,4,0.7956794448899466
2080469,5,0.8958893583292713
2080469,6,0.8873094583491733
2080469,7,0.9120119568848349
2080469,8,0.8169229141774568
2080469,9,0.9206927116129996
2080469,10,0.8376007561415437
2080469,11,0.817689093425344
2080469,12,0.812619368687585
2080469,13,0.8878587755384666
2080469,14,0.921208035344727
2080469,15,0.894547582442791
6002720,0,0.7956289712689177
6002720,1,0.6820381262791839
6002720,2,0.7815004074040497
6002720,3,0.8061835936003868
6002720,4,0.7222251042769732
6002720,5,0.7259420526673082
6002720,6,0.876061264361283
6002720,7,0.769527824459605
6002720,8,0.8485132955370623
6002720,9,0.7970455114054787
6002720,10,0.8143712078689935
6002720,11,0.794488893894891
6002720,12,0.8007717337310082
6002720,13,0.8695128296042921
6002720,14,0.9037743856516762
6002720,15,0.9452673912817432
6000827,0,0.823624504999184
6000827,1,0.8297309962884765
6000827,2,0.7493077694416292
6000827,3,0.757448111917364
6000827,4,0.7554667535691972
6000827,5,0.8046467814379699
6000827,6,0.7798519719982521
6000827,7,0.7988905990627072
6000827,8,0.8206858854807748
6000827,9,0.8026561901100217
6000827,10,0.7895133847735074
6000827,11,0.8378501774509036
6000827,12,0.85751912956902
6000827,13,0.8381988905789658
6000827,14,0.8486835460725984
6000827,15,0.884306734158705
6000322,0,0.3461874116525596
6000322,1,0.3056724914101605
6000322,2,0.4230187529534217
6000322,3,0.3660080494859557
6000322,4,0.2661969711805752
6000322,5,0.2846267465913574
6000322,6,0.2819749022278976
6000322,7,0.2945045771198889
6000322,8,0.2756652808308127
6000322,9,0.2962828690194689
6000322,10,0.28737132427649664
6000322,11,0.26239998726721214
6000322,12,0.2301292201336345
6000322,13,0.2262383739342386
2070765,0,0.7712629421766888
2070765,1,0.8194934180769269
2070765,2,0.7363188929875776
2070765,3,0.8095950721336501
2070765,4,0.8585381408021342
2070765,5,0.8629969236521716
2070765,6,0.8742224491440725
2070765,7,0.8525866891350156
2070765,8,0.8796292588410628
2070765,9,0.8822494964995278
2070765,10,0.8736506384869328
2070765,11,0.888300885347227
2070765,12,0.8834709446856275
2070765,13,0.8903300845122909
2070765,14,0.9064164029170724
2070765,15,0.9086545307701983
2080213,0,0.8662426159949534
2080213,1,0.8335423617174424
2080213,2,0.880210534211681
2080213,3,0.9025876496809508
2080213,4,0.9399266812857302
2080213,5,0.8963993911680778
2080213,6,0.917535648597337
2080213,7,0.8562237787917684
2080213,8,0.9052843486841643
2080213,9,0.9243319808247693
2080213,10,0.8965159937764513
2080213,11,0.9069341124806093
2080213,12,0.8864534914306805
2080213,13,0.9326395611823668
2080213,14,0.9254672487625635
2080213,15,0.9374370818766646
2080352,0,0.8639504707209334
2080352,1,0.8655111988108452
2080352,2,0.9472758775257936
2080352,3,0.886673351663246
2080352,4,0.8956441446156972
2080352,5,0.9051334885775876
2080352,6,0.9069900503030391
2080352,7,0.9146897722252864
2080352,8,0.8996992030838917
2080352,9,0.8990050204581796
2080352,10,0.8820146476598757
2080352,11,0.9088746623107324
2080352,12,0.9005886145066354
2080352,13,0.9294588087854648
2080352,14,0.9210090517208169
2080352,15,0.9412614614956869
2070116,0,0.9188531097116526
2070116,1,0.9011460116177696
2070116,2,0.8646154782489557
2070116,3,0.8860001639919332
2070116,4,0.879911125007295
2070116,5,0.8765455116176359
2070116,6,0.9159578835958447
2070116,7,0.8529561146009124
2070116,8,0.8853360930681625
2070116,9,0.8462895138584023
2070116,10,0.8959511105309577
2070116,11,0.8610756186649156
2070116,12,0.8964624161533058
2070116,13,0.8960215351244989
2070116,14,0.882995980860209
2070116,15,0.9062315009887757
2070479,0,0.8539333822923236
2070479,1,0.8588965658194226
2070479,2,0.8506888786159778
2070479,3,0.8784658848422572
2070479,4,0.8631549813838918
2070479,5,0.8635816749433616
2070479,6,0.823479449435526
2070479,7,0.8966223674172683
2070479,8,0.8639126318950425
2070479,9,0.8878126991639252
2070479,10,0.881811848439413
2070479,11,0.9094676318670193
2070479,12,0.8711455639885398
2070479,13,0.9086342659534062
6000737,0,0.8067092760375184
6000737,1,0.6871457726791925
6000737,2,0.7829361102820833
6000737,3,0.8270453891034628
6000737,4,0.8283306240973822
6000737,5,0.8325921000856259
6000737,6,0.8404116325715735
6000737,7,0.820235186310069
6000737,8,0.842980012823764
6000737,9,0.8094669630171317
6000737,10,0.8097664994339099
6000737,11,0.8112279985075033
6000737,12,0.8316021801796475
6000737,13,0.8294625213508326
6000737,14,0.8639210073003876
6000737,15,0.916130590752682
6000235,0,0.9066053268578171
6000235,1,0.8165048988054036
6000235,2,0.8905865405072648
6000235,3,0.8969780870787467
6000235,4,0.8285862779278333
6000235,5,0.8546665951256819
6000235,6,0.9380946427571677
6000235,7,0.8683741894308109
6000235,8,0.9198024166527187
6000235,9,0.8786019172869954
6000235,10,0.8912711658027842
6000235,11,0.8625350348525245
6000235,12,0.8363527181248778
6000235,13,0.9199778007864603
6000235,14,0.9408239878448159
6000235,15,0.9420676237424915
2080634,0,0.8920067273750101
2080634,1,0.8512861427517429
2080634,2,0.8986844792011511
2080634,3,0.9048910362013564
2080634,4,0.8870159182367274
2080634,5,0.8949821162073853
2080634,6,0.8955999643971188
2080634,7,0.8975115962566375
2080634,8,0.9004139908010064
2080634,9,0.8926436875813121
2080634,10,0.8966777680100633
2080634,11,0.908318465459237
2070095,0,0.851428686406223
2070095,1,0.7217633323540891
2070095,2,0.8423664458769059
2070095,3,0.8582765221600299
2070095,4,0.8636160123221975
2070095,5,0.8701519522599467
2070095,6,0.8840566882552606
2070095,7,0.8663238304226141
2070095,8,0.8794786216771349
2070095,9,0.8460796466152557
2070095,10,0.8570933452191
2070095,11,0.8596950381288013
2070095,12,0.8809057872384481
2070095,13,0.8571438693083774
2070095,14,0.885471789731955
2070095,15,0.920128841614712
6000535,0,0.8543720724409276
6000535,1,0.7643297923449902
6000535,2,0.8224341174241826
6000535,3,0.7643301260529785
6000535,4,0.8498428283299851
6000535,5,0.8192909535174978
6000535,6,0.8677182101298773
6000535,7,0.8623626242023644
6000535,8,0.8261435920313471
6000535,9,0.9146058436099228
6000535,10,0.8685994753839107
6000535,11,0.8907277174975297
6000535,12,0.9042141390204061
6000535,13,0.8502313010451288
6000535,14,0.9098864469797381
6000535,15,0.9455828600646647
6002778,0,0.8423353751819316
6002778,1,0.8015730947896075
6002778,2,0.816250314138291
6002778,3,0.7868426222507605
6002778,4,0.7539475975230207
6002778,5,0.8000219885088128
6002778,6,0.796202873364995
6002778,7,0.7946654980130935
6002778,8,0.8062448468163542
6002778,9,0.838487667047374
6002778,10,0.8209963277345702
6002778,11,0.8388113611671049
6002778,12,0.8355298084052389
6002778,13,0.8401524223223872
6002778,14,0.8513305472043748
6002778,15,0.8538378839171515
2080009,0,0.944359988310937
2080009,1,0.9445358961727225
2080009,2,0.9064601425318455
2080009,3,0.9292141756249952
2080009,4,0.9230232146564923
2080009,5,0.9208951288359138
2080009,6,0.9410285600831513
2080009,7,0.9147867956798815
2080009,8,0.9277177827400912
2080009,9,0.9083173353229623
2080009,10,0.9313097672949053
2080009,11,0.9167819370727159
2080009,12,0.9358229562389143
2080009,13,0.9348333370522826
2080009,14,0.9328415058935913
2080009,15,0.9365051802349406
6000488,0,0.8046225744300655
6000488,1,0.8611737889475815
6000488,2,0.8976172097211967
6000488,3,0.8893008847913678
6000488,4,0.8152351816384739
6000488,5,0.8506750326258954
6000488,6,0.8469179691067465
6000488,7,0.8474759801551798
6000488,8,0.8443806202691491
6000488,9,0.9066554100099219
6000488,10,0.8967652948576285
6000488,11,0.910459825521961
6000488,12,0.9242327612919324
6000488,13,0.9160067523608826
6000488,14,0.9272878591271271
6000488,15,0.9357274362990685
2080240,0,0.9194219900184311
2080240,1,0.9252355048173633
2080240,2,0.9079794710296465
2080240,3,0.9347537912301018
2080240,4,0.9025949056216355
2080240,5,0.9101695043389962
2080240,6,0.9067449985466631
2080240,7,0.8905884434171866
2080240,8,0.8966334263737863
2080240,9,0.9123915951005701
2080240,10,0.8946052267499772
2080240,11,0.8933727730781855
2080240,12,0.9150273448922869
2080240,13,0.9288093910768827
2080240,14,0.9351543652481724
2080240,15,0.9467747445676885
6002140,0,0.8041405939219864
6002140,1,0.7583875849422028
6002140,2,0.6484430361887492
6002140,3,0.7297086523221236
6002140,4,0.797929906265143
6002140,5,0.6829358470798642
6002140,6,0.7825929219572878
6002140,7,0.7991691609568063
6002140,8,0.7350709568521641
6002140,9,0.7884974043185153
6002140,10,0.7911196756537157
6002140,11,0.8405449783846091
6002140,12,0.84628620908489
6002140,13,0.829405717465216
6002140,14,0.8728210051199949
6002140,15,0.8795799113832982
2050055,0,0.8856213684046045
2050055,1,0.96218601261974
2050055,2,0.9267552756586497
2050055,3,0.9226392486995294
2050055,4,0.909256406784554
2050055,5,0.9065791327858833
2050055,6,0.9168680049109531
2050055,7,0.9356774517447222
2050055,8,0.9216194113235106
2050055,9,0.9325620801525887
2050055,10,0.893639856120858
2050055,11,0.9271492806460774
2050055,12,0.9351295203522515
2050055,13,0.9542588109050903
2050055,14,0.9370587734101218
2050055,15,0.9705638042697053
2080154,0,0.7845816131278205
2080154,1,0.8215135930334745
2080154,2,0.8016755319624426
2080154,3,0.8056120768172437
2080154,4,0.8290525653357025
2080154,5,0.8238232838848191
2080154,6,0.8150051728513681
2080154,7,0.7695781422199492
2080154,8,0.8716886864373488
2080154,9,0.8887769952381379
2080154,10,0.8979405795241927
2080154,11,0.8914275378371356
2080154,12,0.8973796557699592
2080154,13,0.8699037144513195
2080154,14,0.9096605500799066
2080154,15,0.9175313734458631
6002008,0,0.808156148902832
6002008,1,0.8547417886355875
6002008,2,0.7730715060343647
6002008,3,0.8366248715016003
6002008,4,0.8535740245307624
6002008,5,0.8796263932256843
6002008,6,0.8942143348283306
6002008,7,0.8743441453986964
6002008,8,0.8702439043225413
6002008,9,0.8850707113621652
6002008,10,0.9024272667501281
6002008,11,0.9197174857191971
6002008,12,0.9401604290565516
6002008,13,0.953876318048054
6002008,14,0.9438635437576629
6002008,15,0.9418416012195593
2070251,0,0.8144091454658028
2070251,1,0.9016558202590884
2070251,2,0.877742823728045
2070251,3,0.8727195124252727
2070251,4,0.8414860927712111
2070251,5,0.8325268614815974
2070251,6,0.8393724206050427
2070251,7,0.8370051269323954
2070251,8,0.8300739968789536
2070251,9,0.8837477417885352
2070251,10,0.8522018671461739
2070251,11,0.8689058260590748
2070251,12,0.8888227989006081
2070251,13,0.9317591714008082
2070251,14,0.9209062442759667
2070251,15,0.9166655534570918
6000869,0,0.9512988915037787
6000869,1,0.9305474714728598
6000869,2,0.91559347194917
6000869,3,0.901512236224655
6000869,4,0.9286947264088924
6000869,5,0.9224541956718146
6000869,6,0.9120969265978492
6000869,7,0.912928892825638
6000869,8,0.8813958296932733
6000869,9,0.871104877745248
6000869,10,0.8812003972851941
6000869,11,0.8401895620502782
6000869,12,0.8910661648601075
6000869,13,0.8908633775139021
6000869,14,0.9048792377858579
6000869,15,0.9101788440019544
6002920,0,0.9634240624429532
6002920,1,0.9049368679018751
6002920,2,0.917419008614726
6002920,3,0.8902247513775966
6002920,4,0.8928021980507801
6002920,5,0.901007806699733
6002920,6,0.878680720604215
6002920,7,0.888641344281495
6002920,8,0.8966187932133737
6002920,9,0.8809136481224733
6002920,10,0.9123345451967153
6002920,11,0.9213798882912274
6002920,12,0.9568943099989231
6002920,13,0.9580933602003848
6002920,14,0.9300690313711623
6002920,15,0.9328512420676626
6002337,0,0.6954364724866505
6002337,1,0.8480769341284334
6002337,2,0.858946295938965
6002337,3,0.7841636295632478
6002337,4,0.7481428885002726
6002337,5,0.8328493874518149
6002337,6,0.8932488209962249
6002337,7,0.8368172284565186
6002337,8,0.8568378732494227
6002337,9,0.8721619824173227
6002337,10,0.845338362975806
6002337,11,0.8094576683586369
6002337,12,0.8945708340437413
6002337,13,0.838241103652622
6002337,14,0.871635246402801
6002337,15,0.888730018256647
2070404,0,0.8955873634366479
2070404,1,0.8819313277652502
2070404,2,0.8879241422427072
2070404,3,0.8985784924289784
2070404,4,0.9161942123769835
2070404,5,0.8381002336087856
2070404,6,0.8379629791873268
2070404,7,0.8456568479645404
2070404,8,0.8692843097468325
2070404,9,0.8183875926283568
2070404,10,0.8476501328512392
2070404,11,0.8368334766632782
2070404,12,0.83176030722554
2070404,13,0.869036200112012
2070404,14,0.8709799217331632
2070404,15,0.892927867970589
2080244,0,0.867376472678049
2080244,1,0.7469387005266831
2080244,2,0.716998710463346
2080244,3,0.7552262861871648
2080244,4,0.6929189568852304
2080244,5,0.7261629969563306
2080244,6,0.7362521762794219
2080244,7,0.7515501324963849
2080244,8,0.7457027933243824
2080244,9,0.7661073288098795
2080244,10,0.8087097471955547
2080244,11,0.8125171501726595
2080244,12,0.8432529481606433
2080244,13,0.896218399116594
2080244,14,0.9130595914388673
2080244,15,0.9200418879157423
6002065,0,0.8045177911494324
6002065,1,0.7616304543034204
6002065,2,0.7839789686036343
6002065,3,0.7872783654489164
6002065,4,0.7993274660721913
6002065,5,0.7953952085226547
6002065,6,0.8026888616903486
6002065,7,0.8086802098482426
6002065,8,0.8626366853368364
6002065,9,0.8322463431251228
6002065,10,0.8342375302440774
6002065,11,0.8300679780100406
6002065,12,0.8024968205994891
6002065,13,0.8372913927388592
6002065,14,0.8437882029805351
6002065,15,0.8514766451386148
6000760,0,0.8802280085640848
6000760,1,0.9206671621423296
6000760,2,0.9407685572414443
6000760,3,0.929385292974226
6000760,4,0.9319305224693405
6000760,5,0.8955177037995967
6000760,6,0.8494944329666279
6000760,7,0.7389834470740081
6000760,8,0.8180480673475737
6000760,9,0.7850830772964357
6000760,10,0.750323253589929
6000760,11,0.8094216843558325
6000760,12,0.8224558786214007
6000760,13,0.8296311405212274
6000760,14,0.8625166598006081
6000760,15,0.8829966835232604
2070263,0,0.8450819104211938
2070263,1,0.8197578822165031
2070263,2,0.7891399053655688
2070263,3,0.8123124905586594
2070263,4,0.8050401121100197
2070263,5,0.8446744764332264
2070263,6,0.8870237361897138
2070263,7,0.869043395068482
2070263,8,0.8903840388115564
2070263,9,0.8878444359240188
2070263,10,0.8943711719897182
2070263,11,0.9096630244578883
2070263,12,0.9142424248418857
2070263,13,0.893293690303293
2070263,14,0.9256918974426489
2070263,15,0.9366293889589798
6000035,0,0.878625702499759
6000035,1,0.8981213659413407
6000035,2,0.8532417468185592
6000035,3,0.8352725900160157
6000035,4,0.8297664113616827
6000035,5,0.871805402086571
6000035,6,0.8625266726130071
6000035,7,0.8867492378647335
6000035,8,0.8770817070115743
6000035,9,0.8734403504951728
6000035,10,0.8979667806946032
6000035,11,0.9059808618206489
6000035,12,0.9062135652208684
6000035,13,0.9247654111753145
6000035,14,0.9286370397640831
6000035,15,0.9188954742663733
2050146,0,0.9164949325617388
2050146,1,0.913672982467887
2050146,2,0.9272797197816771
2050146,3,0.892794550048316
2050146,4,0.892339640599827
2050146,5,0.8848491349618023
2050146,6,0.8295799831399406
2050146,7,0.868654631882136
2050146,8,0.8497571399545493
2050146,9,0.8310586065212648
2050146,10,0.8765014272284586
2050146,11,0.8664901466911267
2050146,12,0.8785458374229981
2050146,13,0.8839751009083211
2050146,14,0.9017991469986855
2050146,15,0.9330858678086423
6001672,0,0.7377761928300152
6001672,1,0.7951783884591567
6001672,2,0.8066292464390842
6001672,3,0.844372917957392
6001672,4,0.8271037203931182
6001672,5,0.8048629067351029
6001672,6,0.7629526151505234
6001672,7,0.7400236390725758
6001672,8,0.7746203709883246
6001672,9,0.7199821782599156
6001672,10,0.704279732769048
6001672,11,0.7432350731007502
6001672,12,0.747705501355742
6001672,13,0.7941818388408868
6001672,14,0.8460193737031426
6001672,15,0.86363687908964
6000628,0,0.8736516432238288
6000628,1,0.9409986185618171
6000628,2,0.9340947859502484
6000628,3,0.9402601341070543
6000628,4,0.9051341856687313
6000628,5,0.9613390588447157
6000628,6,0.8985956368630638
6000628,7,0.882395702239975
6000628,8,0.8413391521194823
6000628,9,0.87773583727736
6000628,10,0.8968290241091267
6000628,11,0.8819947042407132
6000628,12,0.883841177784236
6000628,13,0.8762786152124532
6000628,14,0.8738396182537841
6000628,15,0.9058838667101096
6002696,0,0.8562313218989932
6002696,1,0.8565226254476936
6002696,2,0.8969843391351534
6002696,3,0.8527334499519366
6002696,4,0.8624874819892676
6002696,5,0.8609070014905157
6002696,6,0.8906803813331705
6002696,7,0.891588838123227
6002696,8,0.8824786689166874
6002696,9,0.8838297315100043
6002696,10,0.8703617467691649
6002696,11,0.886852221779115
6002696,12,0.9079996883230328
6002696,13,0.9093257615491205
6002046,0,0.7897608541653655
6002046,1,0.8276164058274309
6002046,2,0.8786494127742396
6002046,3,0.8861772444908159
6002046,4,0.8074042220494893
6002046,5,0.8168110021036041
6002046,6,0.8269762488713804
6002046,7,0.8038884394218382
6002046,8,0.8123217498296003
6002046,9,0.8480957536721121
6002046,10,0.8390488796875819
6002046,11,0.8672181750575434
6002046,12,0.8804799974466185
6002046,13,0.8605335449696895
6002046,14,0.8757522315237212
6002046,15,0.8905325061438264
6000180,0,0.9246223915207057
6000180,1,0.9130769779537025
6000180,2,0.9649311059372234
6000180,3,0.9260810039050559
6000180,4,0.9544803437816985
6000180,5,0.9506173772761031
6000180,6,0.9234530349376608
6000180,7,0.950546651071676
6000180,8,0.9399399867312717
6000180,9,0.947600967039923
6000180,10,0.9566772192567742
6000180,11,0.9393112296963829
6000180,12,0.9479428562078466
6000180,13,0.9468022305387364
6000180,14,0.938994072157188
6000180,15,0.9549258846670978
6002683,0,0.8486810760143287
6002683,1,0.8620620504554815
6002683,2,0.833272855284974
6002683,3,0.8834411123826018
6002683,4,0.8450448719691214
6002683,5,0.8589740189921506
6002683,6,0.8883886426106642
6002683,7,0.858583149295465
6002683,8,0.8951323719819992
6002683,9,0.9515981994235925
6002683,10,0.9443213166735299
6002683,11,0.9085431965914147
6002683,12,0.9093141359985204
6002683,13,0.899131773232452
6002683,14,0.913250338937874
6002683,15,0.9109772062434986
2070009,0,0.8873409795943782
2070009,1,0.9167924366328462
2070009,2,0.8907145549502771
2070009,3,0.8811117755458167
2070009,4,0.838432918857848
2070009,5,0.8464260424410346
2070009,6,0.8529345134330159
2070009,7,0.824991768317083
2070009,8,0.830421461645137
2070009,9,0.8188595782533368
2070009,10,0.8454251222459405
2070009,11,0.8538738972663654
2070009,12,0.8716357414272803
2070009,13,0.8866239625887506
2070009,14,0.9144653487143865
2070009,15,0.930771729183297
6001234,0,0.7100006941757112
6001234,1,0.7293821414898447
6001234,2,0.7464931430076258
6001234,3,0.7219523349018696
6001234,4,0.7004548234683653
6001234,5,0.7635166597111597
6001234,6,0.7509739956044208
6001234,7,0.7860537590305852
6001234,8,0.7876996542575722
6001234,9,0.7994326835808928
6001234,10,0.7851984122912165
6001234,11,0.8496687478951686
6001234,12,0.8203078328384671
6001234,13,0.8493238026102932
6001234,14,0.8478442796134714
6001234,15,0.8754279539442003
2080150,0,0.7507765594015985
2080150,1,0.8056784403389358
2080150,2,0.7845606310199976
2080150,3,0.793709731887475
2080150,4,0.8212628006739812
2080150,5,0.810162171807186
2080150,6,0.7941435975481904
2080150,7,0.7620983630246789
2080150,8,0.8604368277849049
2080150,9,0.8661176610883036
2080150,10,0.8686086866434585
2080150,11,0.8703882956036497
2080150,12,0.8653968646024245
2080150,13,0.8504552184270223
2080150,14,0.8765635883931119
2080150,15,0.8899187180723378
2070418,0,0.8076733494574307
2070418,1,0.8890677146796678
2070418,2,0.8187845248740646
2070418,3,0.9127315321291524
2070418,4,0.8826462055218955
2070418,5,0.8488641764364738
2070418,6,0.9115201951476656
2070418,7,0.8891075866021855
2070418,8,0.8145774774259154
2070418,9,0.8902965401148364
2070418,10,0.8779327659033432
2070418,11,0.8717399892669377
2070418,12,0.8613515923377172
2070418,13,0.8867580487475236
2070418,14,0.8934177354608529
2070418,15,0.8939652131697564
2070651,0,0.9219544780144271
2070651,1,0.9287474452374647
2070651,2,0.8450719553617054
2070651,3,0.8956887116430253
2070651,4,0.8839836918851257
2070651,5,0.8640604801821062
2070651,6,0.8441042944384658
2070651,7,0.8364225670428348
2070651,8,0.8269058644543689
2070651,9,0.7814903904818475
2070651,10,0.8134177931236549
2070651,11,0.8181956040290113
2070651,12,0.8519916570273407
2070651,13,0.8672564801350184
2070651,14,0.9075557674298117
2070651,15,0.9347892837858587
6000153,0,0.8798483553805013
6000153,1,0.8543818377840071
6000153,2,0.9040543481218302
6000153,3,0.8494935273032382
6000153,4,0.8606672457520393
6000153,5,0.9097763447894776
6000153,6,0.8869865158313719
6000153,7,0.8953929454014411
6000153,8,0.9052368861179567
6000153,9,0.9002658519465292
6000153,10,0.9210301820184181
6000153,11,0.9074313052457432
6000153,12,0.9197081638316738
6000153,13,0.9087900354104487
6000153,14,0.9043957172120504
6000153,15,0.9273463945167912
6000644,0,0.8720704146646573
6000644,1,0.8749006287670595
6000644,2,0.8910558054655884
6000644,3,0.9093560499053653
6000644,4,0.9353933028692262
6000644,5,0.9185699400451504
6000644,6,0.9230440565044377
6000644,7,0.9202220986092717
6000644,8,0.8913713613016561
6000644,9,0.9096192326555639
6000644,10,0.9179511883160202
6000644,11,0.9076918197486018
6000644,12,0.9244592249238405
6000644,13,0.9324834725152193
6000644,14,0.9249068408716993
6000644,15,0.9278851926063152
6000814,0,0.9040476775993899
6000814,1,0.8595289692896395
6000814,2,0.9110665895710006
6000814,3,0.8778352898943925
6000814,4,0.8183010281386481
6000814,5,0.8309122914368943
6000814,6,0.7706295089563553
6000814,7,0.8204082580347606
6000814,8,0.8102996847724641
6000814,9,0.8160072582479155
6000814,10,0.8500524496302383
6000814,11,0.8543223129704657
2050189,0,0.8398148711885746
2050189,1,0.8244276039871742
2050189,2,0.8422008891390962
2050189,3,0.8266889523041034
2050189,4,0.8452512602599539
2050189,5,0.8543674538200721
2050189,6,0.845830522253943
2050189,7,0.8412617912069619
2050189,8,0.8865877980240655
2050189,9,0.8618305832705849
2050189,10,0.886039696605503
2050189,11,0.8885115481766753
2050189,12,0.8559417686348013
2050189,13,0.9010064182114464
2050189,14,0.8814920110867331
2050189,15,0.922743307841432
6002089,0,0.8183210820971694
6002089,1,0.7112100636803289
6002089,2,0.6927938776816047
6002089,3,0.7389794564197267
6002089,4,0.6909780238962954
6002089,5,0.7170877225124579
6002089,6,0.7243637920737104
6002089,7,0.7352173674263992
6002089,8,0.7326228554248101
6002089,9,0.7479619803447756
6002089,10,0.7806408317216957
6002089,11,0.790814296421829
6002089,12,0.8181851334427844
6002089,13,0.8494136408476075
6002089,14,0.8816042547098082
6002089,15,0.8730510456457875
6002673,0,0.8464311397030008
6002673,1,0.8244444385069134
6002673,2,0.8294532235610589
6002673,3,0.7673832815656971
6002673,4,0.79221160154631
6002673,5,0.8020575103088178
6002673,6,0.7696868121016813
6002673,7,0.786852847909441
6002673,8,0.78327220823064
6002673,9,0.7737446742847273
6002673,10,0.7825496318426637
6002673,11,0.7987567415812455
6002673,12,0.7756256666190677
6002673,13,0.7782556590749345
6002673,14,0.756642382923755
6002673,15,0.7689881672874995
2050059,0,0.9002773445684673
2050059,1,0.9151412980878192
2050059,2,0.9320727691955236
2050059,3,0.9020675964253839
2050059,4,0.8238396083577153
2050059,5,0.8662489690804259
2050059,6,0.8982880882758543
2050059,7,0.9561012842086736
2050059,8,0.9370275866095283
2050059,9,0.9245162092053508
2050059,10,0.913744629512383
2050059,11,0.9338884985194184
2050059,12,0.8805944873014844
2050059,13,0.9242525274273198
2050059,14,0.9405589791091933
2050059,15,0.934530908627422
6002774,0,0.8683635951076841
6002774,1,0.7707379721441368
6002774,2,0.847601033379521
6002774,3,0.838670503208755
6002774,4,0.7533067417567093
6002774,5,0.798729285393833
6002774,6,0.8950298211862828
6002774,7,0.804698525357027
6002774,8,0.8734536407028861
6002774,9,0.8329845266392527
6002774,10,0.8371426249338475
6002774,11,0.7993290060754435
6002774,12,0.7980680157597385
6002774,13,0.8520220478263539
6002774,14,0.881898307519967
6002774,15,0.9045333428034762
6002305,0,0.8626108474942169
6002305,1,0.7685969256481585
6002305,2,0.854513371926781
6002305,3,0.8708561412302399
6002305,4,0.8075006554377002
6002305,5,0.818882677813313
6002305,6,0.8975100350098173
6002305,7,0.8456198171135111
6002305,8,0.8770830758672613
6002305,9,0.8531439570048358
6002305,10,0.8578306267761087
6002305,11,0.8378214670389565
6002305,12,0.8120306342945105
6002305,13,0.8732850785578876
6002305,14,0.892733872290846
6002305,15,0.932930873021809
6000395,0,0.8733549504374166
6000395,1,0.7690645766075467
6000395,2,0.7353978888079911
6000395,3,0.7928426099324823
6000395,4,0.7425253870812034
6000395,5,0.7772106792358097
6000395,6,0.7909654795773194
6000395,7,0.8052038485558876
6000395,8,0.8039881584961726
6000395,9,0.8128542579729281
6000395,10,0.8435667678036131
6000395,11,0.8409741801008156
6000395,12,0.8538545244223388
6000395,13,0.8819161449613425
6000395,14,0.9046314389252215
6000395,15,0.9078650976363026
2080624,0,0.8870517374016608
2080624,1,0.8585306969700495
2080624,2,0.9150793097447834
2080624,3,0.8416846117007813
2080624,4,0.8447519028018484
2080624,5,0.8977690132368319
2080624,6,0.8661624221788113
2080624,7,0.8707184703739974
2080624,8,0.8858374065153274
2080624,9,0.8748008820554245
2080624,10,0.8993404932415968
2080624,11,0.8766348134885027
2080624,12,0.8875484986648571
2080624,13,0.8668915508319582
2080624,14,0.8804212704169798
2080624,15,0.9252144746829126
2080380,0,0.7108880647590768
2080380,1,0.738155471109816
2080380,2,0.7433272168065933
2080380,3,0.7193805681531384
2080380,4,0.6958532627644998
2080380,5,0.7512640079693813
2080380,6,0.7310257906863687
2080380,7,0.7692227987434169
2080380,8,0.7670907459503614
2080380,9,0.7916387394572548
2080380,10,0.7901575366323897
2080380,11,0.8540808991903899
2080380,12,0.8385543020987014
2080380,13,0.874620185313602
2080380,14,0.8885508687786212
2080380,15,0.9132010209250749
2070846,0,0.817405067773064
2070846,1,0.7899937117274498
2070846,2,0.8352686669032126
2070846,3,0.8490454453259942
2070846,4,0.9117157553811849
2070846,5,0.8692847292998568
2070846,6,0.8777860459961305
2070846,7,0.8273405301857496
2070846,8,0.8720002724688899
2070846,9,0.8952979162441937
2070846,10,0.8651352721600645
2070846,11,0.8768146005008554
2070846,12,0.8555383220204673
2070846,13,0.9024954385218749
2070846,14,0.8876618597773102
2070846,15,0.9167929209433839
2050226,0,0.8889541529976297
2050226,1,0.8709022932518462
2050226,2,0.8502349086544507
2050226,3,0.8823261160140096
2050226,4,0.8968884611124573
2050226,5,0.858183794838829
2050226,6,0.847799321730327
2050226,7,0.8636085007911035
2050226,8,0.8753869939357501
2050226,9,0.8385370554926213
2050226,10,0.8535290918625629
2050226,11,0.8976167621011782
2050226,12,0.9027986567869535
2050226,13,0.9183702216435197
6000513,0,0.9337084988306948
6000513,1,0.9226836194053029
6000513,2,0.9312302863873875
6000513,3,0.9425221833354105
6000513,4,0.9126892778470833
6000513,5,0.8576335494706592
6000513,6,0.8768726029888408
6000513,7,0.8683085838374209
6000513,8,0.827676611370335
6000513,9,0.9154815642664095
6000513,10,0.873794340848788
6000513,11,0.8413120863687318
6000513,12,0.8940947855807403
6000513,13,0.8562037311445183
6000513,14,0.9121971817634845
6000513,15,0.9009311032166528
6001790,0,0.8602889353817373
6001790,1,0.9064778334424181
6001790,2,0.8908775902845364
6001790,3,0.8217691604681053
6001790,4,0.8135226666418599
6001790,5,0.8089574483439571
6001790,6,0.855741068509465
6001790,7,0.838607896078393
6001790,8,0.8313318754712504
6001790,9,0.838739815338647
6001790,10,0.8503581355329578
6001790,11,0.8763151819324377
6001790,12,0.923038959387747
6001790,13,0.9133465203982715
2070742,0,0.8850803058645662
2070742,1,0.922883501104621
2070742,2,0.8796111692646105
2070742,3,0.8692570260173971
2070742,4,0.6928332635052533
2070742,5,0.7857650877901381
2070742,6,0.7920378968075472
2070742,7,0.7164329140859466
2070742,8,0.815860973656957
2070742,9,0.7906790392290666
2070742,10,0.803700906627669
2070742,11,0.7760636595441893
2070742,12,0.8131254591601044
2070742,13,0.805012916552638
2070742,14,0.8528593013071575
2070742,15,0.8807649541916062
2070099,0,0.9189068252501722
2070099,1,0.9157789667639405
2070099,2,0.9230283594489426
2070099,3,0.8919480430947004
2070099,4,0.89255125153712
2070099,5,0.8887707182476644
2070099,6,0.8486159464224846
2070099,7,0.8785202429667713
2070099,8,0.8754773091223904
2070099,9,0.8584654387192528
2070099,10,0.8901962728874743
2070099,11,0.891135541914443
2070099,12,0.9069963889266596
2070099,13,0.9174710407357041
2070099,14,0.9342724997020602
2070099,15,0.9392237745330747
2070635,0,0.9460060758428019
2070635,1,0.9264657352123358
2070635,2,0.9222983912268456
2070635,3,0.9057101338717108
2070635,4,0.932317511882709
2070635,5,0.9321806896846854
2070635,6,0.9222549610176687
2070635,7,0.9210410478391993
2070635,8,0.8789052358060799
2070635,9,0.8759522502043378
2070635,10,0.8802651074429928
2070635,11,0.8312271809580963
2070635,12,0.882772580354446
2070635,13,0.8859772828843158
2070635,14,0.9043970837900421
2070635,15,0.9042849165790351
2070365,0,0.9494721114740785
2070365,1,0.958598844797634
2070365,2,0.95314012349563
2070365,3,0.9564071603114475
2070365,4,0.8913645592486753
2070365,5,0.9362280280689784
2070365,6,0.9678396315762087
2070365,7,0.9497068538823404
2070365,8,0.9398410318074607
2070365,9,0.9452702156344599
2070365,10,0.9394256587254765
2070365,11,0.9499219958376529
2070365,12,0.959110648002669
2070365,13,0.9541950327266518
2070365,14,0.9480239708407645
2070365,15,0.9483003094812266
2080075,0,0.819774000237448
2080075,1,0.8678290864446873
2080075,2,0.8765093542386725
2080075,3,0.9128000696755398
2080075,4,0.9444133862987758
2080075,5,0.8575986201993223
2080075,6,0.9470297805689407
2080075,7,0.952730004683034
2080075,8,0.8377194340452413
2080075,9,0.9408704960862031
2080075,10,0.8654902430489615
2080075,11,0.9167356465430808
2080075,12,0.938164551970154
2080075,13,0.8726539581703635
2080075,14,0.9319791673841218
2080075,15,0.9535219040243132
6001771,0,0.8666447393774787
6001771,1,0.9217826181437732
6001771,2,0.8899346487169493
6001771,3,0.905507298266078
6001771,4,0.9176411384933325
6001771,5,0.9239914961953131
6001771,6,0.9315214357077766
6001771,7,0.9288126241356042
6001771,8,0.9502001335022973
6001771,9,0.9383061409582705
6001771,10,0.9266374883093289
6001771,11,0.9309987301733752
6001771,12,0.9168580948742316
6001771,13,0.928121221667139
6001771,14,0.947118437320118
6001771,15,0.9488509929318923
6000727,0,0.8967395574527403
6000727,1,0.926963601539708
6000727,2,0.9452548878020476
6000727,3,0.9355042101424207
6000727,4,0.940064399968387
6000727,5,0.9102659224984687
6000727,6,0.878902621320639
6000727,7,0.7991782819023034
6000727,8,0.8624721745275569
6000727,9,0.8500678792380986
6000727,10,0.8339146620850175
6000727,11,0.86841374641613
6000727,12,0.886587806561655
6000727,13,0.8953213835217356
6000727,14,0.9222011304701728
6000727,15,0.9361482387830762
2070241,0,0.8195533313767912
2070241,1,0.8690507576867008
2070241,2,0.8438195949265767
2070241,3,0.8787088857702856
2070241,4,0.8041675203164368
2070241,5,0.826003306030704
2070241,6,0.8764518180063718
2070241,7,0.8324932522675763
2070241,8,0.8902860226733108
2070241,9,0.9447170908882464
2070241,10,0.9310426992467709
2070241,11,0.8787426075594532
2070241,12,0.8850128021401187
2070241,13,0.865118929771893
2070241,14,0.8966464660454071
2070241,15,0.9050873177869279
6002795,0,0.7941240575642632
6002795,1,0.8303076973469917
6002795,2,0.7490645798751107
6002795,3,0.84288045854924
6002795,4,0.8630301879747138
6002795,5,0.8682249273670413
6002795,6,0.8884460520506018
6002795,7,0.8590587870674081
6002795,8,0.8801118903391335
6002795,9,0.8856978531612413
6002795,10,0.8811611884432209
6002795,11,0.8904378186885251
6002795,12,0.8994209363048674
6002795,13,0.9085276292482513
6002795,14,0.9169987725114022
6002795,15,0.9339982268015751
6001250,0,0.8090752396448517
6001250,1,0.7886305926091192
6001250,2,0.776176323103607
6001250,3,0.8227995320131478
6001250,4,0.871299420347695
6001250,5,0.8954297523865715
6001250,6,0.8512585076638532
6001250,7,0.8538312232272026
6001250,8,0.8381767682481798
6001250,9,0.8367732448871594
6001250,10,0.8613631211512729
6001250,11,0.8433475324377814
6001250,12,0.8703668258091242
6001250,13,0.8479358043483701
6001250,14,0.8446237371571103
6001250,15,0.8618261505283501
6002259,0,0.8418377259355295
6002259,1,0.8134893744270625
6002259,2,0.8254918309073447
6002259,3,0.8167360285356637
6002259,4,0.8031684514426833
6002259,5,0.8975913051596957
6002259,6,0.8789420050466346
6002259,7,0.901283551051546
6002259,8,0.8177371435003661
6002259,9,0.9035328838347678
6002259,10,0.8429043072137561
6002259,11,0.8388970067745134
6002259,12,0.8223576005860113
6002259,13,0.8922788804892012
6002259,14,0.8915402103921749
6002259,15,0.916996171442127
2080576,0,0.7998764371895882
2080576,1,0.8453931472490953
2080576,2,0.815140150409164
2080576,3,0.843787657365003
2080576,4,0.8531583073162294
2080576,5,0.8570667531936514
2080576,6,0.8843266033369789
2080576,7,0.8711177430304647
2080576,8,0.8613992822630574
2080576,9,0.8861772080748466
2080576,10,0.9001726823789113
2080576,11,0.9079165944142572
2080576,12,0.8801686946774069
2080576,13,0.890267263923892
2080576,14,0.8817399271047813
2080576,15,0.9139049518546506
6000774,0,0.868990244804976
6000774,1,0.8850176636705661
6000774,2,0.7845172134987439
6000774,3,0.8329514482730662
6000774,4,0.8341351873094083
6000774,5,0.8115412178513761
6000774,6,0.7794080044360805
6000774,7,0.781732358724833
6000774,8,0.7748328987593852
6000774,9,0.7405184632656115
6000774,10,0.7568815579532927
6000774,11,0.7525452161805539
6000774,12,0.7905270697054042
6000774,13,0.8169714030172137
6000774,14,0.825742108335082
6000774,15,0.8720402265019935
2080304,0,0.7052563922693621
2080304,1,0.8802385779508206
2080304,2,0.9291932554032291
2080304,3,0.8721007870343969
2080304,4,0.8367731022476947
2080304,5,0.9260452858662281
2080304,6,0.8465402402316219
2080304,7,0.9121232514086838
2080304,8,0.9125197282000362
2080304,9,0.9387480029839359
2080304,10,0.9188098631617672
2080304,11,0.935102292099866
2080304,12,0.9095556054042929
2080304,13,0.9161015912911074
2080304,14,0.9380354503877103
2080304,15,0.9283294709663248
2070809,0,0.9304604643363723
2070809,1,0.902744622957271
2070809,2,0.8589496654851463
2070809,3,0.868180125487823
2070809,4,0.856118451160047
2070809,5,0.8554735837218116
2070809,6,0.8324416155405124
2070809,7,0.8116372667050619
2070809,8,0.809008582269069
2070809,9,0.7985567191891241
2070809,10,0.7975783875958592
2070809,11,0.8064758173840405
2070809,12,0.8047141518381814
2070809,13,0.8404999248776492
2070809,14,0.8737245807354627
2070809,15,0.8886699349332275
2080422,0,0.8176451998293071
2080422,1,0.8923413308588259
2080422,2,0.8681609013029263
2080422,3,0.8582650407991563
2080422,4,0.8329504512572079
2080422,5,0.8182971474310251
2080422,6,0.8245912421610131
2080422,7,0.8355510756148026
2080422,8,0.8338053417721749
2080422,9,0.8894050196418408
2080422,10,0.8529193622522929
2080422,11,0.8618621179525268
2080422,12,0.8796701922693093
2080422,13,0.9207224332221419
2080422,14,0.9030512047980852
2080422,15,0.8912862927228188
6002033,0,0.958552068981122
6002033,1,0.90140266600659
6002033,2,0.860206589148044
6002033,3,0.8468054451505692
6002033,4,0.9145551419459889
6002033,5,0.9382811867703881
6002033,6,0.9540972724231299
6002033,7,0.9539538829427108
6002033,8,0.9467757120557928
6002033,9,0.9301959715236238
6002033,10,0.9298705961332733
6002033,11,0.8981336223808736
6002033,12,0.8861829737099103
6002033,13,0.8802446416962797
6002033,14,0.9522114612774596
6002033,15,0.9504754862986295
6002760,0,0.9151725417372327
6002760,1,0.8915034755643882
6002760,2,0.9578533283341192
6002760,3,0.9054154274944395
6002760,4,0.9371883721601578
6002760,5,0.9228035540788645
6002760,6,0.9029242741218676
6002760,7,0.9310483316044468
6002760,8,0.9173725572076474
6002760,9,0.9301474984990129
6002760,10,0.9403827195106759
6002760,11,0.9202653787484341
6002760,12,0.9309979661525413
6002760,13,0.9246932168585577
6002760,14,0.93688154275689
6002760,15,0.93821046019475
6000867,0,0.778913090391211
6000867,1,0.8040375570725273
6000867,2,0.6988117145050635
6000867,3,0.778808055298122
6000867,4,0.7919889510485839
6000867,5,0.8286081613117791
6000867,6,0.8478370924787202
6000867,7,0.8239506575785143
6000867,8,0.8053239068530899
6000867,9,0.7955672082365197
6000867,10,0.8461244765201258
6000867,11,0.846064584861775
6000867,12,0.866155729705945
6000867,13,0.8926212672627075
6000867,14,0.8904311723406688
6000867,15,0.8895274660402955
6002229,0,0.8889834250399683
6002229,1,0.8695382121390165
6002229,2,0.9316328088996562
6002229,3,0.879715976563072
6002229,4,0.8829521919508987
6002229,5,0.8931562207018982
6002229,6,0.906930766937853
6002229,7,0.9122252653233714
6002229,8,0.8993872669087984
6002229,9,0.909582108638056
6002229,10,0.8898389861565851
6002229,11,0.9121694285857503
6002229,12,0.909788880557535
6002229,13,0.9278031151649483
6002229,14,0.9224283098349586
6002229,15,0.9310117473147042
6000776,0,0.8646739972078711
6000776,1,0.777399011493063
6000776,2,0.8654690407650811
6000776,3,0.8571212262756105
6000776,4,0.7750761507325536
6000776,5,0.8142535983979371
6000776,6,0.9032501044879356
6000776,7,0.8220361392829666
6000776,8,0.8871680210423746
6000776,9,0.8500440675677866
6000776,10,0.8607302626124351
6000776,11,0.8196598206796234
6000776,12,0.8158887409387542
6000776,13,0.8858719989597571
6000776,14,0.9085065764597395
6000776,15,0.9179651503058676
2070553,0,0.8131773735085859
2070553,1,0.9114678824050407
2070553,2,0.8430594045434595
2070553,3,0.9336716457815654
2070553,4,0.9214663835151157
2070553,5,0.9265090223783866
2070553,6,0.9427895882282649
2070553,7,0.8741705074997005
2070553,8,0.9375025938002651
2070553,9,0.9269866832212975
2070553,10,0.9077370908555077
2070553,11,0.8962855311243033
2070553,12,0.8911830572909173
2070553,13,0.9366426317408231
6000749,0,0.8601939752266351
6000749,1,0.8590506524735159
6000749,2,0.8789628214568082
6000749,3,0.8254778048373563
6000749,4,0.7697744009893354
6000749,5,0.7993413588642941
6000749,6,0.8350500206567316
6000749,7,0.9051519783002855
6000749,8,0.8732057994827978
6000749,9,0.8554835597850019
6000749,10,0.8579223124129479
6000749,11,0.8822982455115371
6000749,12,0.8037145450831148
6000749,13,0.8730313109539054
6000749,14,0.8949613231126002
6000749,15,0.8874094861021321
2050034,0,0.9181237452797947
2050034,1,0.9142011183883285
2050034,2,0.9248245865132942
2050034,3,0.8938544334103736
2050034,4,0.8992917570033334
2050034,5,0.8986867913709238
2050034,6,0.8605267316275957
2050034,7,0.8821839197256931
2050034,8,0.8732722897724898
2050034,9,0.8634263981334062
2050034,10,0.8896494985071643
2050034,11,0.8903991899719873
2050034,12,0.8945751791011044
2050034,13,0.894655602873107
2050034,14,0.8966179231232523
2050034,15,0.9021976841724505
2050255,0,0.8614288590669962
2050255,1,0.8433095921269953
2050255,2,0.8909495485635521
2050255,3,0.91354532141033
2050255,4,0.9507700133534549
2050255,5,0.9112242093726748
2050255,6,0.9222910996164659
2050255,7,0.8271538600198964
2050255,8,0.9133851182376278
2050255,9,0.9304971943868559
2050255,10,0.8934682294687813
2050255,11,0.9073455957201518
2050255,12,0.8835380200570025
2050255,13,0.9272060574592129
2050255,14,0.9164485879716122
2050255,15,0.9290258259120766
6002814,0,0.7940318239937209
6002814,1,0.5138428757760104
6002814,2,0.711908981982483
6002814,3,0.6709048670383919
6002814,4,0.6062584098681548
6002814,5,0.709148733619874
6002814,6,0.7228740530190003
6002814,7,0.7718350057755796
6002814,8,0.8173399134542578
6002814,9,0.7494813573510412
6002814,10,0.7128095626884625
6002814,11,0.7507663615966206
6002814,12,0.7737679150639194
6002814,13,0.8210349832486912
6002814,14,0.8311994914049737
6002814,15,0.8801863608864576
2050148,0,0.9632245119733195
2050148,1,0.9280663405301613
2050148,2,0.8877043045390315
2050148,3,0.8737932358553278
2050148,4,0.9444701938872283
2050148,5,0.954957555712944
2050148,6,0.9655440424427654
2050148,7,0.9671529392912038
2050148,8,0.9619352934784745
2050148,9,0.9494733208056605
2050148,10,0.9491883704404305
2050148,11,0.910771134341156
2050148,12,0.9084069901610202
2050148,13,0.9084260401725924
2050148,14,0.9657679249133826
2050148,15,0.9658915768342013
6000417,0,0.9025295068590362
6000417,1,0.8723111652126673
6000417,2,0.8858786695490529
6000417,3,0.8720126371059871
6000417,4,0.8525987912636789
6000417,5,0.9115087643273525
6000417,6,0.9120899310315432
6000417,7,0.9091214403803349
6000417,8,0.8990306095034962
6000417,9,0.8830395879829173
6000417,10,0.8936478697279678
6000417,11,0.9319228476147932
6000417,12,0.920024962256993
6000417,13,0.9378036565019611
6002707,0,0.746096056828887
6002707,1,0.6870842125995263
6002707,2,0.5676841207474551
6002707,3,0.6548560785232028
6002707,4,0.7068571276892675
6002707,5,0.574038844592201
6002707,6,0.6804406350969651
6002707,7,0.6776510651020826
6002707,8,0.6376156720109235
6002707,9,0.6875273479157904
6002707,10,0.6970646656453727
6002707,11,0.7474398850683451
6002707,12,0.7478133787718966
6002707,13,0.7094972295184095
6002707,14,0.766507468477539
6002707,15,0.7640513729955453
6002340,0,0.8906653988754869
6002340,1,0.8908690478525786
6002340,2,0.9057642726950798
6002340,3,0.9198296950953847
6002340,4,0.952485718035549
6002340,5,0.9370209992592466
6002340,6,0.9395340370390716
6002340,7,0.9292894488887844
6002340,8,0.915763817405741
6002340,9,0.9147179261494416
6002340,10,0.9411930240521694
6002340,11,0.9186949527524141
6002340,12,0.9127214148752275
6002340,13,0.9452598645765253
6002340,14,0.93264047357716
6002340,15,0.9105504200944792
6001109,0,0.9268188876322976
6001109,1,0.8512654844791695
6001109,2,0.9209028523292055
6001109,3,0.7822152750120741
6001109,4,0.8841364190756885
6001109,5,0.7777416815375257
6001109,6,0.887967682741311
6001109,7,0.8337248072979062
6001109,8,0.8522025510265916
6001109,9,0.8177730249501263
6001109,10,0.8222831392788549
6001109,11,0.8573586901915371
6001109,12,0.8431498893040299
6001109,13,0.882552301671887
6001109,14,0.8314708981615696
6001109,15,0.8571428290409551
6002077,0,0.8136672848743001
6002077,1,0.8646245037000259
6002077,2,0.8263498145451661
6002077,3,0.8808113271548584
6002077,4,0.8485629693056055
6002077,5,0.8581675481946678
6002077,6,0.8766242797249955
6002077,7,0.8178778861067081
6002077,8,0.8851815426358847
6002077,9,0.9078908971411008
6002077,10,0.9095437643785529
6002077,11,0.8931122112681787
6002077,12,0.896907592770003
6002077,13,0.9218994749035845
6002077,14,0.9210094821825235
6002077,15,0.9187846368269047
6000588,0,0.8921916192680754
6000588,1,0.8866868986282332
6000588,2,0.940714709322351
6000588,3,0.9141084342958691
6000588,4,0.9258895156277078
6000588,5,0.9143788137714307
6000588,6,0.8845844507729762
6000588,7,0.921779947124158
6000588,8,0.919500719748513
6000588,9,0.9213410910585669
6000588,10,0.926270082871043
6000588,11,0.8585593173455182
6000588,12,0.8820811365685902
6000588,13,0.896193116419027
6000588,14,0.9202580928778068
6000588,15,0.9328541679120584
2080062,0,0.9359703674988379
2080062,1,0.9537817325163204
2080062,2,0.9410052947335087
2080062,3,0.9636069814711907
2080062,4,0.9360354507984446
2080062,5,0.962216734497353
2080062,6,0.9625683789533966
2080062,7,0.9400628893134073
2080062,8,0.9380866080769911
2080062,9,0.9430078065716573
2080062,10,0.9278869312636207
2080062,11,0.9445558006512117
2080062,12,0.9473357269513487
2080062,13,0.9698693755313627
2080062,14,0.9425159876163189
2080062,15,0.9564305641140389
2080626,0,0.8652782394904757
2080626,1,0.9210689231026193
2080626,2,0.8682926998307166
2080626,3,0.9445849529673871
2080626,4,0.9234036193954844
2080626,5,0.895706383754609
2080626,6,0.9366887737650922
2080626,7,0.920394793256122
2080626,8,0.8696370282230605
2080626,9,0.923079991467324
2080626,10,0.9151580916778267
2080626,11,0.9131777071655922
2080626,12,0.9125421594610117
2080626,13,0.9254870021384209
2080626,14,0.9321107772597768
2080626,15,0.9437899050565485
2070127,0,0.8147336195823194
2070127,1,0.8621430232288162
2070127,2,0.7872446601019543
2070127,3,0.8315943659569719
2070127,4,0.8257673562867167
2070127,5,0.8039118604761669
2070127,6,0.7903124261307163
2070127,7,0.7861975321569309
2070127,8,0.8120827521445492
2070127,9,0.7907462047071956
2070127,10,0.8006525936960269
2070127,11,0.8421840148411616
2070127,12,0.8484021304248122
2070127,13,0.8635854682342287
2070127,14,0.881909996770571
2070127,15,0.8939479430579476
2120069,0,0.7799660906198943
2120069,1,0.8977157854869126
2120069,2,0.9349844772221715
2120069,3,0.883677986067391
2120069,4,0.856863986951771
2120069,5,0.9352980402438643
2120069,6,0.8737805112485861
2120069,7,0.9206851877863945
2120069,8,0.9258484742318707
2120069,9,0.9474203720233262
2120069,10,0.9250740718808611
2120069,11,0.9430428598036917
2120069,12,0.9232792644081241
2120069,13,0.9294958413124562
2120069,14,0.9294772922093922
2120069,15,0.913755495708207
2080208,0,0.8817186432741031
2080208,1,0.8538130417226507
2080208,2,0.9027444892060246
2080208,3,0.8496917860641905
2080208,4,0.867787036780755
2080208,5,0.9091625784751851
2080208,6,0.8834677932793014
2080208,7,0.8920624138172649
2080208,8,0.8961358042076709
2080208,9,0.8825459252576539
2080208,10,0.8983619263335264
2080208,11,0.8805057073840081
2080208,12,0.8931711377485735
2080208,13,0.8694559868999839
2080208,14,0.8642650218175378
2080208,15,0.8969988724535018
2080504,0,0.9483181735207397
2080504,1,0.9722862928912269
2080504,2,0.9754378099164716
2080504,3,0.9775856452884445
2080504,4,0.9460585957667748
2080504,5,0.9046918500482009
2080504,6,0.9225421607025097
2080504,7,0.9305538166803532
2080504,8,0.9351966452306274
2080504,9,0.9241128539356662
2080504,10,0.916585773331074
2080504,11,0.936888491425293
6000712,0,0.8694020638552474
6000712,1,0.7984412543204408
6000712,2,0.9073932833418165
6000712,3,0.8607905089488201
6000712,4,0.815516987387601
6000712,5,0.7335336242280202
6000712,6,0.8016581329422661
6000712,7,0.8046174189712623
6000712,8,0.7879353299415196
6000712,9,0.8490733716085044
6000712,10,0.8627341904887655
6000712,11,0.8642327052102845
6000712,12,0.907992469035241
6000712,13,0.8872770346427067
6000712,14,0.9121156088658899
6000712,15,0.9350638443585116
6002731,0,0.838827954570229
6002731,1,0.8031415528376892
6002731,2,0.8528176090572654
6002731,3,0.7812812476699238
6002731,4,0.7730278628572557
6002731,5,0.8459769533991357
6002731,6,0.8411979728468817
6002731,7,0.8535790910541782
6002731,8,0.8527701811673244
6002731,9,0.866136592119876
6002731,10,0.8825886033709878
6002731,11,0.8676449509700866
6002731,12,0.8891183965679929
6002731,13,0.8861084463949718
6002731,14,0.8540552214365597
6002731,15,0.9134394339472915
2080383,0,0.8321315382829565
2080383,1,0.8152830806980562
2080383,2,0.8655702924170794
2080383,3,0.8776163031779662
2080383,4,0.9314603380507432
2080383,5,0.891857975470952
2080383,6,0.8916213210532419
2080383,7,0.8217323956488332
2080383,8,0.8887364948694751
2080383,9,0.9135768620923705
2080383,10,0.8696581651563279
2080383,11,0.8800502558425406
2080383,12,0.8664611957936266
2080383,13,0.9193778910265313
2080383,14,0.9148471449732347
2080383,15,0.9264845233282012
6002349,0,0.9411538452009257
6002349,1,0.9272868373246334
6002349,2,0.8725739644663223
6002349,3,0.8813034776137829
6002349,4,0.867523784434711
6002349,5,0.8671719498035446
6002349,6,0.8544590150324715
6002349,7,0.8444375146516366
6002349,8,0.8473465917189186
6002349,9,0.8398590881671683
6002349,10,0.8367350996294184
6002349,11,0.8428377062577376
6002349,12,0.8530353730327076
6002349,13,0.8691964893834938
6002349,14,0.8920030013725446
6002349,15,0.8981772641400797
6002724,0,0.850550117799145
6002724,1,0.8367892696887662
6002724,2,0.9327701335658516
6002724,3,0.860539629903874
6002724,4,0.8670332444849168
6002724,5,0.8892914624084648
6002724,6,0.8964689420331483
6002724,7,0.9049816142839613
6002724,8,0.9021450824598306
6002724,9,0.9031431758151556
6002724,10,0.8803454444268101
6002724,11,0.9130528921865384
6002724,12,0.912591620654674
6002724,13,0.9361743645476998
6002724,14,0.9314444407194263
6002724,15,0.9498901668696448
6001264,0,0.9044927921136803
6001264,1,0.6648915535071483
6001264,2,0.7249552040241906
6001264,3,0.7682152527070201
6001264,4,0.8391050084735074
6001264,5,0.8231352315245326
6001264,6,0.8267221176329999
6001264,7,0.8872162512714574
6001264,8,0.9024809595965568
6001264,9,0.8159495268840538
6001264,10,0.8526060542252786
6001264,11,0.8823414766450312
6001264,12,0.8996226808532899
6001264,13,0.8916441134899432
6001264,14,0.898342206156557
6001264,15,0.9115637004532503
2070133,0,0.7472818062188493
2070133,1,0.874686836144881
2070133,2,0.9204545074086183
2070133,3,0.9043688032338629
2070133,4,0.9480945936944225
2070133,5,0.9078984621429215
2070133,6,0.8624210382767453
2070133,7,0.9107987551979314
2070133,8,0.8966977429234734
2070133,9,0.9304182323414243
2070133,10,0.9146469539989277
2070133,11,0.8878552310946335
2070133,12,0.8817756952828684
2070133,13,0.8310842170566063
2070133,14,0.8680848129327583
2070133,15,0.9025993020915147
6000665,0,0.7356111902449808
6000665,1,0.7792561726753794
6000665,2,0.8064287622843912
6000665,3,0.8405741199233381
6000665,4,0.8312142475099511
6000665,5,0.8036273362948766
6000665,6,0.7579963547234466
6000665,7,0.7360409411085512
6000665,8,0.7828049076690347
6000665,9,0.7533153644284524
6000665,10,0.7473644833193833
6000665,11,0.7880207247988327
6000665,12,0.8017887238772231
6000665,13,0.8518770052878591
6000665,14,0.8893578849760968
6000665,15,0.921164249883389
2080493,0,0.8398581387366659
2080493,1,0.7180643537779338
2080493,2,0.6663676719752716
2080493,3,0.714464508244963
2080493,4,0.6767019723023245
2080493,5,0.7150545765175514
2080493,6,0.7370370269081452
2080493,7,0.74823518860266
2080493,8,0.7460458790712092
2080493,9,0.769043990765373
2080493,10,0.7957932925788203
2080493,11,0.7972560646551823
2080493,12,0.8237463571053713
2080493,13,0.8535545034852123
2080493,14,0.8600784946197196
2080493,15,0.8554516278490084
6000341,0,0.9193431120258916
6000341,1,0.8248255507195261
6000341,2,0.9045332524421141
6000341,3,0.8779205689922187
6000341,4,0.8103828788824609
6000341,5,0.8897692903005648
6000341,6,0.9148610691768073
6000341,7,0.9146701905468375
6000341,8,0.9226555929052315
6000341,9,0.9380996428679725
6000341,10,0.936810061578851
6000341,11,0.9246517066469921
2080082,0,0.8847031912337091
2080082,1,0.8822828865029065
2080082,2,0.8553924399736361
2080082,3,0.909324608134096
2080082,4,0.8698127226770818
2080082,5,0.8661694848092314
2080082,6,0.8639075831168262
2080082,7,0.8053457367840241
2080082,8,0.8509448545357399
2080082,9,0.861869218107024
2080082,10,0.8510554356861224
2080082,11,0.8258708790438527
2080082,12,0.8583749228712527
2080082,13,0.8740266966239232
2080082,14,0.8787193982854351
2080082,15,0.892908619224515
2070034,0,0.9293717138948657
2070034,1,0.9419101395593426
2070034,2,0.9228580447798166
2070034,3,0.9549323048073379
2070034,4,0.9224604818355207
2070034,5,0.9540264431251253
2070034,6,0.9546176817091788
2070034,7,0.9287485277906604
2070034,8,0.9308092887795002
2070034,9,0.9339544961252234
2070034,10,0.918025762023512
2070034,11,0.9356746328994632
2070034,12,0.9329621328870417
2070034,13,0.9642504412107743
2070034,14,0.9242053766257909
2070034,15,0.92907929045646
6001279,0,0.9241198060533631
6001279,1,0.9490105763753792
6001279,2,0.9658450134574561
6001279,3,0.9581050647283506
6001279,4,0.9595554238412061
6001279,5,0.9401088381777484
6001279,6,0.9072699755852273
6001279,7,0.8384035250299203
6001279,8,0.8972303381434987
6001279,9,0.8744816998115733
6001279,10,0.8490993253375868
6001279,11,0.892974627067502
6001279,12,0.9044340041105303
6001279,13,0.9093510106969684
6001279,14,0.9281135911759354
6001279,15,0.9384992981130698
6001434,0,0.8488590132688564
6001434,1,0.8493170183593772
6001434,2,0.869602970933826
6001434,3,0.8829892230588792
6001434,4,0.8341695347178549
6001434,5,0.8138382091035081
6001434,6,0.8190566647347011
6001434,7,0.8274394359439293
6001434,8,0.8496884929450407
6001434,9,0.8977136776604836
6001434,10,0.8672062467185786
6001434,11,0.8542681844810439
6001434,12,0.8894569719587545
6001434,13,0.8912606104243931
6001434,14,0.8948513480485975
6001434,15,0.8896977500163957
2070242,0,0.8863446439928347
2070242,1,0.8013033845626835
2070242,2,0.7677128701305598
2070242,3,0.8214116970607828
2070242,4,0.7604594443084306
2070242,5,0.796742329836304
2070242,6,0.8010358193104348
2070242,7,0.8147579525381173
2070242,8,0.8190823082807283
2070242,9,0.8401507247127343
2070242,10,0.8599181042127474
2070242,11,0.863654749097216
2070242,12,0.8780559473958602
2070242,13,0.8939260869857049
2070242,14,0.9124767288095169
2070242,15,0.9183411170675571
6002749,0,0.7156659315239481
6002749,1,0.7918670251372185
6002749,2,0.790346625796819
6002749,3,0.8082509129738759
6002749,4,0.7984487933162591
6002749,5,0.7561592277282047
6002749,6,0.7326825570427673
6002749,7,0.7165112586752574
6002749,8,0.6850417008948702
6002749,9,0.6882107536562997
6002749,10,0.6900273526891555
6002749,11,0.7589234540813957
6002749,12,0.8084205744197374
6002749,13,0.8347144045909143
6001996,0,0.7941819682438448
6001996,1,0.8844688077559588
6001996,2,0.8775448688149595
6001996,3,0.8320996042042981
6001996,4,0.8173476475002802
6001996,5,0.8932971379413079
6001996,6,0.9220825074754198
6001996,7,0.8658308251558151
6001996,8,0.8805882845551617
6001996,9,0.8833232673912035
6001996,10,0.892725955405305
6001996,11,0.8576789137209289
6001996,12,0.9161923830511977
6001996,13,0.8682927236505938
6001996,14,0.9115048128248504
6001996,15,0.8997435813789468
6001787,0,0.8215908318924738
6001787,1,0.7966539060330472
6001787,2,0.8133579295911086
6001787,3,0.8030614239561868
6001787,4,0.8145594191449933
6001787,5,0.8263228427442273
6001787,6,0.820026284896058
6001787,7,0.8184508651369115
6001787,8,0.860688893589845
6001787,9,0.8476952561364999
6001787,10,0.8665737571639572
6001787,11,0.8654475521190541
6001787,12,0.8455942440473656
6001787,13,0.8863925876226467
6001787,14,0.8749258402354755
6001787,15,0.8858036390260932
2070547,0,0.8880566316716481
2070547,1,0.9569188383849366
2070547,2,0.9541138337749344
2070547,3,0.9502433596551173
2070547,4,0.9096261141045161
2070547,5,0.9615506242298173
2070547,6,0.8959000015466454
2070547,7,0.9029522095497681
2070547,8,0.85826142864902
2070547,9,0.8908355866104923
2070547,10,0.9117092265031028
2070547,11,0.8882481486880609
2070547,12,0.8950046094887284
2070547,13,0.8732488486359795
2070547,14,0.8644826758423717
2070547,15,0.8953031952927444
6001417,0,0.8601857837068267
6001417,1,0.9259771564001223
6001417,2,0.885356381723229
6001417,3,0.871203896397343
6001417,4,0.8524589572089054
6001417,5,0.8521875270288127
6001417,6,0.8640119382998313
6001417,7,0.8817207231011986
6001417,8,0.858149851092855
6001417,9,0.8992934572729249
6001417,10,0.8489803808617636
6001417,11,0.8702207530104399
6001417,12,0.9032508652037811
6001417,13,0.9146838138782023
6001417,14,0.8616587702903613
6001417,15,0.9273749186642832
6001199,0,0.7277604287642964
6001199,1,0.741686845067249
6001199,2,0.729490195073583
6001199,3,0.7164376725865319
6001199,4,0.7208289929166904
6001199,5,0.767013755580252
6001199,6,0.7657134200637321
6001199,7,0.785987446040169
6001199,8,0.7930920557858526
6001199,9,0.8010287626774307
6001199,10,0.7919017680471238
6001199,11,0.8442316676162452
6001199,12,0.8254581558390591
6001199,13,0.8477201411186284
6001199,14,0.8653569288194723
6001199,15,0.8836478497981725
2070143,0,0.9158213995750699
2070143,1,0.9602461750805867
2070143,2,0.9583265094060811
2070143,3,0.9387975715536729
2070143,4,0.9545467765389511
2070143,5,0.9157889217630693
2070143,6,0.8907408819671049
2070143,7,0.7783153891134752
2070143,8,0.8593723411626237
2070143,9,0.8351531292013447
2070143,10,0.818688028341214
2070143,11,0.8531687665882262
2070143,12,0.8502236729686264
2070143,13,0.8492395564519041
2070143,14,0.8744905185154251
2070143,15,0.899978190990968
2080421,0,0.880003482027263
2080421,1,0.9297960175168845
2080421,2,0.8903518977963489
2080421,3,0.9130357168516321
2080421,4,0.9289359846366674
2080421,5,0.9339055239552366
2080421,6,0.9284611486921358
2080421,7,0.93627305222993
2080421,8,0.948782777802772
2080421,9,0.9251290027733052
2080421,10,0.9195588503273561
2080421,11,0.9157188999271272
2080421,12,0.9067064098946758
2080421,13,0.9153901585338718
2080421,14,0.9272309391891594
2080421,15,0.9404256419098969
6001735,0,0.8617778319265931
6001735,1,0.8818665267862552
6001735,2,0.9065462180938907
6001735,3,0.8492163132478374
6001735,4,0.9242949304477729
6001735,5,0.8738788862775757
6001735,6,0.9121730526712695
6001735,7,0.8960954136299124
6001735,8,0.8761558357723036
6001735,9,0.8682877924843715
6001735,10,0.917302042409171
6001735,11,0.9169196091950498
6001735,12,0.9140049681546896
6001735,13,0.9303501294206161
6001735,14,0.9533096946042484
6001735,15,0.9391509761206194
6002396,0,0.803206785837673
6002396,1,0.8558632671798768
6002396,2,0.8590210091432268
6002396,3,0.8238946513571384
6002396,4,0.8954251899372526
6002396,5,0.906297136307631
6002396,6,0.8699111876031396
6002396,7,0.8597529571463464
6002396,8,0.8430850022558108
6002396,9,0.8581989924453052
6002396,10,0.8803572439626401
6002396,11,0.9177642516739101
6002396,12,0.8952028714638867
6002396,13,0.9219904066951103
6002396,14,0.8768978595739845
6002396,15,0.8789589055012758
6001458,0,0.9377410992432645
6001458,1,0.9468319568514018
6001458,2,0.9227977306156203
6001458,3,0.9520753827570132
6001458,4,0.9308294675875994
6001458,5,0.9550769042422943
6001458,6,0.9590827247714401
6001458,7,0.9229588517321043
6001458,8,0.9269380390178896
6001458,9,0.9292084221286034
6001458,10,0.912363976389945
6001458,11,0.9220892106977344
6001458,12,0.9347170832846217
6001458,13,0.9612513252004252
6001458,14,0.9220740984177118
6001458,15,0.9311912489461477
6001354,0,0.8250716643139456
6001354,1,0.8502332920198349
6001354,2,0.8505686772005158
6001354,3,0.7264880252365864
6001354,4,0.8382545378542468
6001354,5,0.7806184354375986
6001354,6,0.8084639070632196
6001354,7,0.8020117742303994
6001354,8,0.8788159831340993
6001354,9,0.854874270742288
6001354,10,0.874720692876597
6001354,11,0.8704887305100801
6001354,12,0.8860405664025679
6001354,13,0.8976108359019044
6001236,0,0.8471590957868836
6001236,1,0.8732003644409005
6001236,2,0.8534433282229276
6001236,3,0.8599002309247956
6001236,4,0.8307585624827521
6001236,5,0.797238339183897
6001236,6,0.8509755861291692
6001236,7,0.8164995521375684
6001236,8,0.8346133439300357
6001236,9,0.830710081346642
6001236,10,0.8728829597477277
6001236,11,0.839547658596843
6001236,12,0.8786022703591422
6001236,13,0.9044654992017411
6001236,14,0.9134899686124955
6001236,15,0.9173929289765977
6000580,0,0.8599607482256612
6000580,1,0.8783928667070255
6000580,2,0.8170173328009093
6000580,3,0.8752914122897417
6000580,4,0.8915165584465623
6000580,5,0.8986074397262358
6000580,6,0.9088091997262344
6000580,7,0.8914370394551521
6000580,8,0.9098354487398272
6000580,9,0.911431829336077
6000580,10,0.9067735685432512
6000580,11,0.9105047392484479
6000580,12,0.9076586235084666
6000580,13,0.9144977734951956
6000580,14,0.9264707985638982
6000580,15,0.9308977853842506
6002817,0,0.9391961383932773
6002817,1,0.875000675702369
6002817,2,0.9369973398132577
6002817,3,0.8216498340159724
6002817,4,0.9033902862308567
6002817,5,0.8543287236546838
6002817,6,0.9271164828588514
6002817,7,0.8861418380935937
6002817,8,0.8973547243959967
6002817,9,0.8887335717222505
6002817,10,0.8848014549728149
6002817,11,0.90997323486043
6002817,12,0.9032741236961549
6002817,13,0.9356008736917926
6002817,14,0.8911216045650929
6002817,15,0.9049359879998585
6002122,0,0.8169573823162108
6002122,1,0.8618755300581803
6002122,2,0.8591844093681517
6002122,3,0.8275179004962313
6002122,4,0.8869405249586091
6002122,5,0.8904303371935741
6002122,6,0.8587022527989313
6002122,7,0.8634799958469938
6002122,8,0.8437278831005793
6002122,9,0.8519565478006669
6002122,10,0.8541814975479267
6002122,11,0.8979518941485175
6002122,12,0.8786730884643549
6002122,13,0.9053603420956797
6002122,14,0.8542093276993045
6002122,15,0.8674419859985159
