Filename,Slice,LPIPS_Score
brain_AXT1POST_208_2080082.npy,1,0.1313016563653946
brain_AXT1POST_208_2080082.npy,2,0.11853127181529999
brain_AXT1POST_208_2080082.npy,3,0.10349728167057037
brain_AXT1POST_208_2080082.npy,4,0.052475281059741974
brain_AXT1POST_208_2080082.npy,5,0.07804222404956818
brain_AXT1POST_208_2080082.npy,6,0.06001768261194229
brain_AXT1POST_208_2080082.npy,7,0.08463630080223083
brain_AXT1POST_208_2080082.npy,8,0.05146799236536026
brain_AXT1POST_208_2080082.npy,9,0.07641559094190598
brain_AXT1POST_208_2080082.npy,10,0.05335322022438049
brain_AXT1POST_201_6002774.npy,1,0.21878138184547424
brain_AXT1POST_201_6002774.npy,2,0.18829548358917236
brain_AXT1POST_201_6002774.npy,3,0.24516740441322327
brain_AXT1POST_201_6002774.npy,4,0.15278232097625732
brain_AXT1POST_201_6002774.npy,5,0.19750377535820007
brain_AXT1POST_201_6002774.npy,6,0.1021527349948883
brain_AXT1POST_201_6002774.npy,7,0.08226213604211807
brain_AXT1POST_201_6002774.npy,8,0.08195577561855316
brain_AXT1POST_201_6002774.npy,9,0.08626622706651688
brain_AXT1POST_201_6002774.npy,10,0.10232745110988617
brain_AXT1POST_207_2070099.npy,1,0.1978410929441452
brain_AXT1POST_207_2070099.npy,2,0.07078994810581207
brain_AXT1POST_207_2070099.npy,3,0.12843358516693115
brain_AXT1POST_207_2070099.npy,4,0.07175234705209732
brain_AXT1POST_207_2070099.npy,5,0.05461445450782776
brain_AXT1POST_207_2070099.npy,6,0.05456693470478058
brain_AXT1POST_207_2070099.npy,7,0.05182088911533356
brain_AXT1POST_207_2070099.npy,8,0.04978223145008087
brain_AXT1POST_207_2070099.npy,9,0.055279284715652466
brain_AXT1POST_207_2070099.npy,10,0.05903081223368645
brain_AXT1POST_205_2050146.npy,1,0.1126825362443924
brain_AXT1POST_205_2050146.npy,2,0.14124798774719238
brain_AXT1POST_205_2050146.npy,3,0.11980315297842026
brain_AXT1POST_205_2050146.npy,4,0.09312358498573303
brain_AXT1POST_205_2050146.npy,5,0.1568460613489151
brain_AXT1POST_205_2050146.npy,6,0.11671876162290573
brain_AXT1POST_205_2050146.npy,7,0.08711694180965424
brain_AXT1POST_205_2050146.npy,8,0.04026693105697632
brain_AXT1POST_205_2050146.npy,9,0.03374183923006058
brain_AXT1POST_205_2050146.npy,10,0.04658383131027222
brain_AXT1POST_205_2050026.npy,1,0.13070738315582275
brain_AXT1POST_205_2050026.npy,2,0.12044836580753326
brain_AXT1POST_205_2050026.npy,3,0.14823824167251587
brain_AXT1POST_205_2050026.npy,4,0.16955700516700745
brain_AXT1POST_205_2050026.npy,5,0.145980104804039
brain_AXT1POST_205_2050026.npy,6,0.1003865972161293
brain_AXT1POST_205_2050026.npy,7,0.0984770879149437
brain_AXT1POST_205_2050026.npy,8,0.054493725299835205
brain_AXT1POST_205_2050026.npy,9,0.04435316473245621
brain_AXT1POST_205_2050026.npy,10,0.054308757185935974
brain_AXT1POST_200_6001996.npy,1,0.09044782817363739
brain_AXT1POST_200_6001996.npy,2,0.1051609218120575
brain_AXT1POST_200_6001996.npy,3,0.12281911820173264
brain_AXT1POST_200_6001996.npy,4,0.10239818692207336
brain_AXT1POST_200_6001996.npy,5,0.10511212795972824
brain_AXT1POST_200_6001996.npy,6,0.08793964236974716
brain_AXT1POST_200_6001996.npy,7,0.06269634515047073
brain_AXT1POST_200_6001996.npy,8,0.06634160876274109
brain_AXT1POST_200_6001996.npy,9,0.07671640813350677
brain_AXT1POST_200_6001996.npy,10,0.04145985469222069
brain_AXT1POST_200_6002122.npy,1,0.11306095123291016
brain_AXT1POST_200_6002122.npy,2,0.1537550836801529
brain_AXT1POST_200_6002122.npy,3,0.08611011505126953
brain_AXT1POST_200_6002122.npy,4,0.11462361365556717
brain_AXT1POST_200_6002122.npy,5,0.08183008432388306
brain_AXT1POST_200_6002122.npy,6,0.08856943249702454
brain_AXT1POST_200_6002122.npy,7,0.07554596662521362
brain_AXT1POST_200_6002122.npy,8,0.08065452426671982
brain_AXT1POST_200_6002122.npy,9,0.05211217701435089
brain_AXT1POST_200_6002122.npy,10,0.05417396128177643
brain_AXT1POST_203_6000597.npy,1,0.0939493477344513
brain_AXT1POST_203_6000597.npy,2,0.12037460505962372
brain_AXT1POST_203_6000597.npy,3,0.16169387102127075
brain_AXT1POST_203_6000597.npy,4,0.18196149170398712
brain_AXT1POST_203_6000597.npy,5,0.14363893866539001
brain_AXT1POST_203_6000597.npy,6,0.17131227254867554
brain_AXT1POST_203_6000597.npy,7,0.09112970530986786
brain_AXT1POST_203_6000597.npy,8,0.14346513152122498
brain_AXT1POST_203_6000597.npy,9,0.0808115303516388
brain_AXT1POST_203_6000597.npy,10,0.06425105035305023
brain_AXT1POST_203_6000814.npy,1,0.08994059264659882
brain_AXT1POST_203_6000814.npy,2,0.13536328077316284
brain_AXT1POST_203_6000814.npy,3,0.11612476408481598
brain_AXT1POST_203_6000814.npy,4,0.0832768902182579
brain_AXT1POST_203_6000814.npy,5,0.049356237053871155
brain_AXT1POST_203_6000814.npy,6,0.07893056422472
brain_AXT1POST_203_6000814.npy,7,0.07166534662246704
brain_AXT1POST_203_6000814.npy,8,0.06231078878045082
brain_AXT1POST_203_6000814.npy,9,0.053321488201618195
brain_AXT1POST_203_6000814.npy,10,0.08102688938379288
brain_AXT1POST_202_6000302.npy,1,0.1191953644156456
brain_AXT1POST_202_6000302.npy,2,0.0640120580792427
brain_AXT1POST_202_6000302.npy,3,0.09556865692138672
brain_AXT1POST_202_6000302.npy,4,0.11150959134101868
brain_AXT1POST_202_6000302.npy,5,0.12796036899089813
brain_AXT1POST_202_6000302.npy,6,0.06533782184123993
brain_AXT1POST_202_6000302.npy,7,0.06917031109333038
brain_AXT1POST_202_6000302.npy,8,0.05885438993573189
brain_AXT1POST_202_6000302.npy,9,0.06791870296001434
brain_AXT1POST_202_6000302.npy,10,0.06926757097244263
brain_AXT1POST_201_6002760.npy,1,0.11044487357139587
brain_AXT1POST_201_6002760.npy,2,0.09151116758584976
brain_AXT1POST_201_6002760.npy,3,0.1252952218055725
brain_AXT1POST_201_6002760.npy,4,0.14975421130657196
brain_AXT1POST_201_6002760.npy,5,0.15929920971393585
brain_AXT1POST_201_6002760.npy,6,0.10418877005577087
brain_AXT1POST_201_6002760.npy,7,0.09317679703235626
brain_AXT1POST_201_6002760.npy,8,0.10100705921649933
brain_AXT1POST_201_6002760.npy,9,0.11924198269844055
brain_AXT1POST_201_6002760.npy,10,0.08459798246622086
brain_AXT1POST_200_6002046.npy,1,0.15246453881263733
brain_AXT1POST_200_6002046.npy,2,0.14429615437984467
brain_AXT1POST_200_6002046.npy,3,0.1661473959684372
brain_AXT1POST_200_6002046.npy,4,0.07673374563455582
brain_AXT1POST_200_6002046.npy,5,0.13911910355091095
brain_AXT1POST_200_6002046.npy,6,0.1531893014907837
brain_AXT1POST_200_6002046.npy,7,0.06815162301063538
brain_AXT1POST_200_6002046.npy,8,0.08341874927282333
brain_AXT1POST_200_6002046.npy,9,0.11122512072324753
brain_AXT1POST_200_6002046.npy,10,0.06500453501939774
brain_AXT1POST_200_6002337.npy,1,0.31707316637039185
brain_AXT1POST_200_6002337.npy,2,0.09301407635211945
brain_AXT1POST_200_6002337.npy,3,0.2616328001022339
brain_AXT1POST_200_6002337.npy,4,0.3316861689090729
brain_AXT1POST_200_6002337.npy,5,0.4469085931777954
brain_AXT1POST_200_6002337.npy,6,0.2300383448600769
brain_AXT1POST_200_6002337.npy,7,0.22700341045856476
brain_AXT1POST_200_6002337.npy,8,0.1614178568124771
brain_AXT1POST_200_6002337.npy,9,0.2861146032810211
brain_AXT1POST_200_6002337.npy,10,0.09210866689682007
brain_AXT1POST_209_6001199.npy,1,0.08845209330320358
brain_AXT1POST_209_6001199.npy,2,0.10687858611345291
brain_AXT1POST_209_6001199.npy,3,0.13699893653392792
brain_AXT1POST_209_6001199.npy,4,0.10015563666820526
brain_AXT1POST_209_6001199.npy,5,0.1148499846458435
brain_AXT1POST_209_6001199.npy,6,0.06821560114622116
brain_AXT1POST_209_6001199.npy,7,0.0686107650399208
brain_AXT1POST_209_6001199.npy,8,0.0650305449962616
brain_AXT1POST_209_6001199.npy,9,0.07411819696426392
brain_AXT1POST_209_6001199.npy,10,0.0745566263794899
brain_AXT1POST_210_6001771.npy,1,0.11595674604177475
brain_AXT1POST_210_6001771.npy,2,0.09495177865028381
brain_AXT1POST_210_6001771.npy,3,0.12464314699172974
brain_AXT1POST_210_6001771.npy,4,0.16770493984222412
brain_AXT1POST_210_6001771.npy,5,0.11739786714315414
brain_AXT1POST_210_6001771.npy,6,0.07500405609607697
brain_AXT1POST_210_6001771.npy,7,0.10594743490219116
brain_AXT1POST_210_6001771.npy,8,0.06414085626602173
brain_AXT1POST_210_6001771.npy,9,0.04267890751361847
brain_AXT1POST_210_6001771.npy,10,0.053514301776885986
brain_AXT1POST_209_6001458.npy,1,0.11545776575803757
brain_AXT1POST_209_6001458.npy,2,0.11421409249305725
brain_AXT1POST_209_6001458.npy,3,0.09600551426410675
brain_AXT1POST_209_6001458.npy,4,0.10967814922332764
brain_AXT1POST_209_6001458.npy,5,0.07026191800832748
brain_AXT1POST_209_6001458.npy,6,0.0923009067773819
brain_AXT1POST_209_6001458.npy,7,0.08298153430223465
brain_AXT1POST_209_6001458.npy,8,0.06335094571113586
brain_AXT1POST_209_6001458.npy,9,0.04374922811985016
brain_AXT1POST_209_6001458.npy,10,0.0429283007979393
brain_AXT1POST_210_6001850.npy,1,0.11982560157775879
brain_AXT1POST_210_6001850.npy,2,0.16330203413963318
brain_AXT1POST_210_6001850.npy,3,0.09890517592430115
brain_AXT1POST_210_6001850.npy,4,0.11667932569980621
brain_AXT1POST_210_6001850.npy,5,0.1609114110469818
brain_AXT1POST_210_6001850.npy,6,0.11311696469783783
brain_AXT1POST_210_6001850.npy,7,0.10176891833543777
brain_AXT1POST_210_6001850.npy,8,0.10357268154621124
brain_AXT1POST_210_6001850.npy,9,0.09514521807432175
brain_AXT1POST_210_6001850.npy,10,0.07000661641359329
brain_AXT1POST_200_6002033.npy,1,0.16437116265296936
brain_AXT1POST_200_6002033.npy,2,0.1706739366054535
brain_AXT1POST_200_6002033.npy,3,0.1022389754652977
brain_AXT1POST_200_6002033.npy,4,0.1375644952058792
brain_AXT1POST_200_6002033.npy,5,0.09171775728464127
brain_AXT1POST_200_6002033.npy,6,0.09489968419075012
brain_AXT1POST_200_6002033.npy,7,0.07750920206308365
brain_AXT1POST_200_6002033.npy,8,0.09994976222515106
brain_AXT1POST_200_6002033.npy,9,0.06071369722485542
brain_AXT1POST_200_6002033.npy,10,0.07641138881444931
brain_AXT1POST_201_6002749.npy,1,0.12154503911733627
brain_AXT1POST_201_6002749.npy,2,0.09213155508041382
brain_AXT1POST_201_6002749.npy,3,0.1234210953116417
brain_AXT1POST_201_6002749.npy,4,0.09863795340061188
brain_AXT1POST_201_6002749.npy,5,0.11154256016016006
brain_AXT1POST_201_6002749.npy,6,0.06530614197254181
brain_AXT1POST_201_6002749.npy,7,0.07144078612327576
brain_AXT1POST_201_6002749.npy,8,0.0742635652422905
brain_AXT1POST_201_6002749.npy,9,0.07014672458171844
brain_AXT1POST_201_6002749.npy,10,0.08141150325536728
brain_AXT1POST_203_6000657.npy,1,0.04956447333097458
brain_AXT1POST_203_6000657.npy,2,0.14719413220882416
brain_AXT1POST_203_6000657.npy,3,0.13088196516036987
brain_AXT1POST_203_6000657.npy,4,0.09915504604578018
brain_AXT1POST_203_6000657.npy,5,0.1661098450422287
brain_AXT1POST_203_6000657.npy,6,0.06872036308050156
brain_AXT1POST_203_6000657.npy,7,0.09554672986268997
brain_AXT1POST_203_6000657.npy,8,0.06171758845448494
brain_AXT1POST_203_6000657.npy,9,0.07708680629730225
brain_AXT1POST_203_6000657.npy,10,0.05144570767879486
brain_AXT1POST_203_6000737.npy,1,0.14882414042949677
brain_AXT1POST_203_6000737.npy,2,0.15324321389198303
brain_AXT1POST_203_6000737.npy,3,0.08599458634853363
brain_AXT1POST_203_6000737.npy,4,0.06269422918558121
brain_AXT1POST_203_6000737.npy,5,0.08454579859972
brain_AXT1POST_203_6000737.npy,6,0.09750226140022278
brain_AXT1POST_203_6000737.npy,7,0.09407193213701248
brain_AXT1POST_203_6000737.npy,8,0.07936881482601166
brain_AXT1POST_203_6000737.npy,9,0.09418357908725739
brain_AXT1POST_203_6000737.npy,10,0.05599275976419449
brain_AXT1POST_209_6001417.npy,1,0.11017848551273346
brain_AXT1POST_209_6001417.npy,2,0.10239645838737488
brain_AXT1POST_209_6001417.npy,3,0.10402151942253113
brain_AXT1POST_209_6001417.npy,4,0.08551657944917679
brain_AXT1POST_209_6001417.npy,5,0.08690634369850159
brain_AXT1POST_209_6001417.npy,6,0.06164233013987541
brain_AXT1POST_209_6001417.npy,7,0.0619967058300972
brain_AXT1POST_209_6001417.npy,8,0.04773419722914696
brain_AXT1POST_209_6001417.npy,9,0.05175495892763138
brain_AXT1POST_209_6001417.npy,10,0.05798065662384033
brain_AXT1POST_208_2080421.npy,1,0.0716618224978447
brain_AXT1POST_208_2080421.npy,2,0.062454331666231155
brain_AXT1POST_208_2080421.npy,3,0.11598656326532364
brain_AXT1POST_208_2080421.npy,4,0.05395151674747467
brain_AXT1POST_208_2080421.npy,5,0.07167832553386688
brain_AXT1POST_208_2080421.npy,6,0.06372814625501633
brain_AXT1POST_208_2080421.npy,7,0.06058397516608238
brain_AXT1POST_208_2080421.npy,8,0.053602851927280426
brain_AXT1POST_208_2080421.npy,9,0.0396820530295372
brain_AXT1POST_208_2080421.npy,10,0.06213647127151489
brain_AXT1POST_205_6000153.npy,1,0.11899825930595398
brain_AXT1POST_205_6000153.npy,2,0.11063213646411896
brain_AXT1POST_205_6000153.npy,3,0.12585794925689697
brain_AXT1POST_205_6000153.npy,4,0.15422257781028748
brain_AXT1POST_205_6000153.npy,5,0.11167066544294357
brain_AXT1POST_205_6000153.npy,6,0.10494223982095718
brain_AXT1POST_205_6000153.npy,7,0.08291669934988022
brain_AXT1POST_205_6000153.npy,8,0.07415325939655304
brain_AXT1POST_205_6000153.npy,9,0.06748440116643906
brain_AXT1POST_205_6000153.npy,10,0.05046074092388153
brain_AXT1POST_203_6000642.npy,1,0.11567699909210205
brain_AXT1POST_203_6000642.npy,2,0.09149810671806335
brain_AXT1POST_203_6000642.npy,3,0.11891689151525497
brain_AXT1POST_203_6000642.npy,4,0.10604048520326614
brain_AXT1POST_203_6000642.npy,5,0.09616846591234207
brain_AXT1POST_203_6000642.npy,6,0.07847908139228821
brain_AXT1POST_203_6000642.npy,7,0.07848599553108215
brain_AXT1POST_203_6000642.npy,8,0.07332596182823181
brain_AXT1POST_203_6000642.npy,9,0.034365907311439514
brain_AXT1POST_203_6000642.npy,10,0.05421660095453262
brain_AXT1POST_200_6002227.npy,1,0.15836632251739502
brain_AXT1POST_200_6002227.npy,2,0.09010808914899826
brain_AXT1POST_200_6002227.npy,3,0.14573192596435547
brain_AXT1POST_200_6002227.npy,4,0.07133946567773819
brain_AXT1POST_200_6002227.npy,5,0.09358403831720352
brain_AXT1POST_200_6002227.npy,6,0.045048557221889496
brain_AXT1POST_200_6002227.npy,7,0.07226087152957916
brain_AXT1POST_200_6002227.npy,8,0.0679408386349678
brain_AXT1POST_200_6002227.npy,9,0.05800331383943558
brain_AXT1POST_200_6002227.npy,10,0.06864622980356216
brain_AXT1POST_205_2050055.npy,1,0.08635453879833221
brain_AXT1POST_205_2050055.npy,2,0.10064470022916794
brain_AXT1POST_205_2050055.npy,3,0.044221874326467514
brain_AXT1POST_205_2050055.npy,4,0.11652573943138123
brain_AXT1POST_205_2050055.npy,5,0.08020466566085815
brain_AXT1POST_205_2050055.npy,6,0.09066613018512726
brain_AXT1POST_205_2050055.npy,7,0.07861180603504181
brain_AXT1POST_205_2050055.npy,8,0.04465734213590622
brain_AXT1POST_205_2050055.npy,9,0.038888271898031235
brain_AXT1POST_205_2050055.npy,10,0.042080409824848175
brain_AXT1POST_208_2080553.npy,1,0.10430927574634552
brain_AXT1POST_208_2080553.npy,2,0.06487814337015152
brain_AXT1POST_208_2080553.npy,3,0.13521608710289001
brain_AXT1POST_208_2080553.npy,4,0.05352436378598213
brain_AXT1POST_208_2080553.npy,5,0.11436526477336884
brain_AXT1POST_208_2080553.npy,6,0.1085994616150856
brain_AXT1POST_208_2080553.npy,7,0.09948331862688065
brain_AXT1POST_208_2080553.npy,8,0.07819487154483795
brain_AXT1POST_208_2080553.npy,9,0.04775024205446243
brain_AXT1POST_208_2080553.npy,10,0.05621157959103584
brain_AXT1POST_203_6000867.npy,1,0.1037396714091301
brain_AXT1POST_203_6000867.npy,2,0.12747544050216675
brain_AXT1POST_203_6000867.npy,3,0.13611561059951782
brain_AXT1POST_203_6000867.npy,4,0.12786829471588135
brain_AXT1POST_203_6000867.npy,5,0.07982174307107925
brain_AXT1POST_203_6000867.npy,6,0.138398215174675
brain_AXT1POST_203_6000867.npy,7,0.1017899215221405
brain_AXT1POST_203_6000867.npy,8,0.10501684993505478
brain_AXT1POST_203_6000867.npy,9,0.11364934593439102
brain_AXT1POST_203_6000867.npy,10,0.08633597195148468
brain_AXT1POST_200_6002140.npy,1,0.14818020164966583
brain_AXT1POST_200_6002140.npy,2,0.1354861557483673
brain_AXT1POST_200_6002140.npy,3,0.14166879653930664
brain_AXT1POST_200_6002140.npy,4,0.12886720895767212
brain_AXT1POST_200_6002140.npy,5,0.05369920656085014
brain_AXT1POST_200_6002140.npy,6,0.06861373782157898
brain_AXT1POST_200_6002140.npy,7,0.06579335778951645
brain_AXT1POST_200_6002140.npy,8,0.05077522620558739
brain_AXT1POST_200_6002140.npy,9,0.04877764731645584
brain_AXT1POST_200_6002140.npy,10,0.0484662801027298
brain_AXT1POST_208_2080634.npy,1,0.12360978126525879
brain_AXT1POST_208_2080634.npy,2,0.06970921158790588
brain_AXT1POST_208_2080634.npy,3,0.06368932127952576
brain_AXT1POST_208_2080634.npy,4,0.06670710444450378
brain_AXT1POST_208_2080634.npy,5,0.07321382313966751
brain_AXT1POST_208_2080634.npy,6,0.06115592643618584
brain_AXT1POST_208_2080634.npy,7,0.05750281736254692
brain_AXT1POST_208_2080634.npy,8,0.06596094369888306
brain_AXT1POST_208_2080634.npy,9,0.08519387245178223
brain_AXT1POST_208_2080634.npy,10,0.05178390443325043
brain_AXT1POST_208_2080392.npy,1,0.11187093704938889
brain_AXT1POST_208_2080392.npy,2,0.10664191097021103
brain_AXT1POST_208_2080392.npy,3,0.12995979189872742
brain_AXT1POST_208_2080392.npy,4,0.05949424207210541
brain_AXT1POST_208_2080392.npy,5,0.09757956862449646
brain_AXT1POST_208_2080392.npy,6,0.09916289150714874
brain_AXT1POST_208_2080392.npy,7,0.07104223966598511
brain_AXT1POST_208_2080392.npy,8,0.060040682554244995
brain_AXT1POST_208_2080392.npy,9,0.03416758030653
brain_AXT1POST_208_2080392.npy,10,0.06572180986404419
brain_AXT1POST_203_6000644.npy,1,0.1242886632680893
brain_AXT1POST_203_6000644.npy,2,0.1712474226951599
brain_AXT1POST_203_6000644.npy,3,0.0812540352344513
brain_AXT1POST_203_6000644.npy,4,0.0884803980588913
brain_AXT1POST_203_6000644.npy,5,0.14899274706840515
brain_AXT1POST_203_6000644.npy,6,0.06608349829912186
brain_AXT1POST_203_6000644.npy,7,0.04085824638605118
brain_AXT1POST_203_6000644.npy,8,0.05997578799724579
brain_AXT1POST_203_6000644.npy,9,0.06277292966842651
brain_AXT1POST_203_6000644.npy,10,0.05891875550150871
brain_AXT1POST_200_6002392.npy,1,0.09559530019760132
brain_AXT1POST_200_6002392.npy,2,0.15161141753196716
brain_AXT1POST_200_6002392.npy,3,0.0973910391330719
brain_AXT1POST_200_6002392.npy,4,0.08987110108137131
brain_AXT1POST_200_6002392.npy,5,0.0650305524468422
brain_AXT1POST_200_6002392.npy,6,0.05799080803990364
brain_AXT1POST_200_6002392.npy,7,0.07867144048213959
brain_AXT1POST_200_6002392.npy,8,0.08751934766769409
brain_AXT1POST_200_6002392.npy,9,0.06526163220405579
brain_AXT1POST_200_6002392.npy,10,0.07038140296936035
brain_AXT1POST_205_2050068.npy,1,0.07554978132247925
brain_AXT1POST_205_2050068.npy,2,0.11520353704690933
brain_AXT1POST_205_2050068.npy,3,0.14489996433258057
brain_AXT1POST_205_2050068.npy,4,0.11523675918579102
brain_AXT1POST_205_2050068.npy,5,0.10569347441196442
brain_AXT1POST_205_2050068.npy,6,0.11503775417804718
brain_AXT1POST_205_2050068.npy,7,0.11578666418790817
brain_AXT1POST_205_2050068.npy,8,0.051664967089891434
brain_AXT1POST_205_2050068.npy,9,0.06975287944078445
brain_AXT1POST_205_2050068.npy,10,0.043426547199487686
brain_AXT1POST_208_2080624.npy,1,0.12058887630701065
brain_AXT1POST_208_2080624.npy,2,0.10819552838802338
brain_AXT1POST_208_2080624.npy,3,0.13740666210651398
brain_AXT1POST_208_2080624.npy,4,0.1273992955684662
brain_AXT1POST_208_2080624.npy,5,0.1302105188369751
brain_AXT1POST_208_2080624.npy,6,0.139726459980011
brain_AXT1POST_208_2080624.npy,7,0.10779324918985367
brain_AXT1POST_208_2080624.npy,8,0.07077741622924805
brain_AXT1POST_208_2080624.npy,9,0.04297870397567749
brain_AXT1POST_208_2080624.npy,10,0.059119027107954025
brain_AXT1POST_208_2080422.npy,1,0.07849501818418503
brain_AXT1POST_208_2080422.npy,2,0.08009889721870422
brain_AXT1POST_208_2080422.npy,3,0.14461275935173035
brain_AXT1POST_208_2080422.npy,4,0.08576062321662903
brain_AXT1POST_208_2080422.npy,5,0.08698538690805435
brain_AXT1POST_208_2080422.npy,6,0.07701238989830017
brain_AXT1POST_208_2080422.npy,7,0.09663750231266022
brain_AXT1POST_208_2080422.npy,8,0.05999168008565903
brain_AXT1POST_208_2080422.npy,9,0.06062309816479683
brain_AXT1POST_208_2080422.npy,10,0.05480301007628441
brain_AXT1POST_209_6001264.npy,1,0.13167786598205566
brain_AXT1POST_209_6001264.npy,2,0.09454472362995148
brain_AXT1POST_209_6001264.npy,3,0.1801013946533203
brain_AXT1POST_209_6001264.npy,4,0.05268462374806404
brain_AXT1POST_209_6001264.npy,5,0.08509546518325806
brain_AXT1POST_209_6001264.npy,6,0.08104072511196136
brain_AXT1POST_209_6001264.npy,7,0.07862205803394318
brain_AXT1POST_209_6001264.npy,8,0.062067579478025436
brain_AXT1POST_209_6001264.npy,9,0.053704727441072464
brain_AXT1POST_209_6001264.npy,10,0.06444153189659119
brain_AXT1POST_201_6002703.npy,1,0.1388750970363617
brain_AXT1POST_201_6002703.npy,2,0.16865278780460358
brain_AXT1POST_201_6002703.npy,3,0.1566714346408844
brain_AXT1POST_201_6002703.npy,4,0.10903820395469666
brain_AXT1POST_201_6002703.npy,5,0.14416399598121643
brain_AXT1POST_201_6002703.npy,6,0.10208924114704132
brain_AXT1POST_201_6002703.npy,7,0.08989470452070236
brain_AXT1POST_201_6002703.npy,8,0.13193023204803467
brain_AXT1POST_201_6002703.npy,9,0.07471403479576111
brain_AXT1POST_201_6002703.npy,10,0.07540364563465118
brain_AXT1POST_208_2080383.npy,1,0.06752689927816391
brain_AXT1POST_208_2080383.npy,2,0.11557646840810776
brain_AXT1POST_208_2080383.npy,3,0.0793975293636322
brain_AXT1POST_208_2080383.npy,4,0.10873012989759445
brain_AXT1POST_208_2080383.npy,5,0.06184760481119156
brain_AXT1POST_208_2080383.npy,6,0.07281024008989334
brain_AXT1POST_208_2080383.npy,7,0.05200674384832382
brain_AXT1POST_208_2080383.npy,8,0.06693856418132782
brain_AXT1POST_208_2080383.npy,9,0.07981464266777039
brain_AXT1POST_208_2080383.npy,10,0.05540841817855835
brain_AXT1POST_209_6001109.npy,1,0.10489876568317413
brain_AXT1POST_209_6001109.npy,2,0.1355055719614029
brain_AXT1POST_209_6001109.npy,3,0.06732341647148132
brain_AXT1POST_209_6001109.npy,4,0.09187249094247818
brain_AXT1POST_209_6001109.npy,5,0.08047880232334137
brain_AXT1POST_209_6001109.npy,6,0.0603182427585125
brain_AXT1POST_209_6001109.npy,7,0.05668176710605621
brain_AXT1POST_209_6001109.npy,8,0.04770466685295105
brain_AXT1POST_209_6001109.npy,9,0.04882469028234482
brain_AXT1POST_209_6001109.npy,10,0.06260308623313904
brain_AXT1POST_208_2080009.npy,1,0.12434394657611847
brain_AXT1POST_208_2080009.npy,2,0.10890954732894897
brain_AXT1POST_208_2080009.npy,3,0.10923648625612259
brain_AXT1POST_208_2080009.npy,4,0.11145155131816864
brain_AXT1POST_208_2080009.npy,5,0.09070977568626404
brain_AXT1POST_208_2080009.npy,6,0.0480528399348259
brain_AXT1POST_208_2080009.npy,7,0.08281619846820831
brain_AXT1POST_208_2080009.npy,8,0.0657961517572403
brain_AXT1POST_208_2080009.npy,9,0.0350322350859642
brain_AXT1POST_208_2080009.npy,10,0.041590798646211624
brain_AXT1POST_210_6001699.npy,1,0.07951690256595612
brain_AXT1POST_210_6001699.npy,2,0.08614492416381836
brain_AXT1POST_210_6001699.npy,3,0.1267867237329483
brain_AXT1POST_210_6001699.npy,4,0.09523770958185196
brain_AXT1POST_210_6001699.npy,5,0.15235158801078796
brain_AXT1POST_210_6001699.npy,6,0.0799291729927063
brain_AXT1POST_210_6001699.npy,7,0.1164330542087555
brain_AXT1POST_210_6001699.npy,8,0.05191890150308609
brain_AXT1POST_210_6001699.npy,9,0.0656435415148735
brain_AXT1POST_210_6001699.npy,10,0.06028683856129646
brain_AXT1POST_201_6002724.npy,1,0.2314085066318512
brain_AXT1POST_201_6002724.npy,2,0.19363337755203247
brain_AXT1POST_201_6002724.npy,3,0.12792085111141205
brain_AXT1POST_201_6002724.npy,4,0.1719374805688858
brain_AXT1POST_201_6002724.npy,5,0.1868087202310562
brain_AXT1POST_201_6002724.npy,6,0.09641990065574646
brain_AXT1POST_201_6002724.npy,7,0.054200295358896255
brain_AXT1POST_201_6002724.npy,8,0.040546685457229614
brain_AXT1POST_201_6002724.npy,9,0.08049344271421432
brain_AXT1POST_201_6002724.npy,10,0.07405717670917511
brain_AXT1POST_200_6002396.npy,1,0.16731730103492737
brain_AXT1POST_200_6002396.npy,2,0.13257810473442078
brain_AXT1POST_200_6002396.npy,3,0.1464816778898239
brain_AXT1POST_200_6002396.npy,4,0.12789706885814667
brain_AXT1POST_200_6002396.npy,5,0.12919177114963531
brain_AXT1POST_200_6002396.npy,6,0.09963652491569519
brain_AXT1POST_200_6002396.npy,7,0.07679697126150131
brain_AXT1POST_200_6002396.npy,8,0.06300405412912369
brain_AXT1POST_200_6002396.npy,9,0.06706234812736511
brain_AXT1POST_200_6002396.npy,10,0.07732480764389038
brain_AXT1POST_202_6000395.npy,1,0.15270346403121948
brain_AXT1POST_202_6000395.npy,2,0.14631730318069458
brain_AXT1POST_202_6000395.npy,3,0.1395559310913086
brain_AXT1POST_202_6000395.npy,4,0.12977756559848785
brain_AXT1POST_202_6000395.npy,5,0.09896300733089447
brain_AXT1POST_202_6000395.npy,6,0.09499888122081757
brain_AXT1POST_202_6000395.npy,7,0.10522567480802536
brain_AXT1POST_202_6000395.npy,8,0.038823146373033524
brain_AXT1POST_202_6000395.npy,9,0.0405721440911293
brain_AXT1POST_202_6000395.npy,10,0.061962228268384933
brain_AXT1POST_202_6000588.npy,1,0.1554420292377472
brain_AXT1POST_202_6000588.npy,2,0.13797496259212494
brain_AXT1POST_202_6000588.npy,3,0.0911489725112915
brain_AXT1POST_202_6000588.npy,4,0.10186053812503815
brain_AXT1POST_202_6000588.npy,5,0.045101597905159
brain_AXT1POST_202_6000588.npy,6,0.11341958492994308
brain_AXT1POST_202_6000588.npy,7,0.05038606375455856
brain_AXT1POST_202_6000588.npy,8,0.09169884771108627
brain_AXT1POST_202_6000588.npy,9,0.02729228511452675
brain_AXT1POST_202_6000588.npy,10,0.06794722378253937
brain_AXT1POST_203_6000877.npy,1,0.11709801107645035
brain_AXT1POST_203_6000877.npy,2,0.10480087995529175
brain_AXT1POST_203_6000877.npy,3,0.06406380981206894
brain_AXT1POST_203_6000877.npy,4,0.08805122971534729
brain_AXT1POST_203_6000877.npy,5,0.10072919726371765
brain_AXT1POST_203_6000877.npy,6,0.10009844601154327
brain_AXT1POST_203_6000877.npy,7,0.05061175674200058
brain_AXT1POST_203_6000877.npy,8,0.053694937378168106
brain_AXT1POST_203_6000877.npy,9,0.07738158106803894
brain_AXT1POST_203_6000877.npy,10,0.04788191616535187
brain_AXT1POST_203_6000727.npy,1,0.15784670412540436
brain_AXT1POST_203_6000727.npy,2,0.11334606260061264
brain_AXT1POST_203_6000727.npy,3,0.06713956594467163
brain_AXT1POST_203_6000727.npy,4,0.0778481513261795
brain_AXT1POST_203_6000727.npy,5,0.07855483889579773
brain_AXT1POST_203_6000727.npy,6,0.06690402328968048
brain_AXT1POST_203_6000727.npy,7,0.05690162628889084
brain_AXT1POST_203_6000727.npy,8,0.07130678743124008
brain_AXT1POST_203_6000727.npy,9,0.07458923757076263
brain_AXT1POST_203_6000727.npy,10,0.060247380286455154
brain_AXT1POST_209_6001064.npy,1,0.06846832484006882
brain_AXT1POST_209_6001064.npy,2,0.12384285032749176
brain_AXT1POST_209_6001064.npy,3,0.10364115983247757
brain_AXT1POST_209_6001064.npy,4,0.14126890897750854
brain_AXT1POST_209_6001064.npy,5,0.10177591443061829
brain_AXT1POST_209_6001064.npy,6,0.1292901188135147
brain_AXT1POST_209_6001064.npy,7,0.09134719520807266
brain_AXT1POST_209_6001064.npy,8,0.07641608268022537
brain_AXT1POST_209_6001064.npy,9,0.07229992002248764
brain_AXT1POST_209_6001064.npy,10,0.06826476752758026
brain_AXT1POST_201_6002862.npy,1,0.10024981200695038
brain_AXT1POST_201_6002862.npy,2,0.13400012254714966
brain_AXT1POST_201_6002862.npy,3,0.15839914977550507
brain_AXT1POST_201_6002862.npy,4,0.12270009517669678
brain_AXT1POST_201_6002862.npy,5,0.1174599751830101
brain_AXT1POST_201_6002862.npy,6,0.08088914304971695
brain_AXT1POST_201_6002862.npy,7,0.06830079853534698
brain_AXT1POST_201_6002862.npy,8,0.07831409573554993
brain_AXT1POST_201_6002862.npy,9,0.06180994585156441
brain_AXT1POST_201_6002862.npy,10,0.06229303404688835
brain_AXT1POST_203_6000861.npy,1,0.08054669946432114
brain_AXT1POST_203_6000861.npy,2,0.12573431432247162
brain_AXT1POST_203_6000861.npy,3,0.1336059868335724
brain_AXT1POST_203_6000861.npy,4,0.10581731796264648
brain_AXT1POST_203_6000861.npy,5,0.10647480934858322
brain_AXT1POST_203_6000861.npy,6,0.11915570497512817
brain_AXT1POST_203_6000861.npy,7,0.08891700208187103
brain_AXT1POST_203_6000861.npy,8,0.0817781314253807
brain_AXT1POST_203_6000861.npy,9,0.09020241349935532
brain_AXT1POST_203_6000861.npy,10,0.06990646570920944
brain_AXT1POST_205_2050259.npy,1,0.14062005281448364
brain_AXT1POST_205_2050259.npy,2,0.08950754255056381
brain_AXT1POST_205_2050259.npy,3,0.09471750259399414
brain_AXT1POST_205_2050259.npy,4,0.10999561101198196
brain_AXT1POST_205_2050259.npy,5,0.11489229649305344
brain_AXT1POST_205_2050259.npy,6,0.09061584621667862
brain_AXT1POST_205_2050259.npy,7,0.10995743423700333
brain_AXT1POST_205_2050259.npy,8,0.0657392218708992
brain_AXT1POST_205_2050259.npy,9,0.053629081696271896
brain_AXT1POST_205_2050259.npy,10,0.040347304195165634
brain_AXT1POST_201_6002735.npy,1,0.1570373922586441
brain_AXT1POST_201_6002735.npy,2,0.1600499302148819
brain_AXT1POST_201_6002735.npy,3,0.12204799801111221
brain_AXT1POST_201_6002735.npy,4,0.16341373324394226
brain_AXT1POST_201_6002735.npy,5,0.17455309629440308
brain_AXT1POST_201_6002735.npy,6,0.09771300107240677
brain_AXT1POST_201_6002735.npy,7,0.13665728271007538
brain_AXT1POST_201_6002735.npy,8,0.1548398733139038
brain_AXT1POST_201_6002735.npy,9,0.09826233983039856
brain_AXT1POST_201_6002735.npy,10,0.05003168433904648
brain_AXT1POST_200_6002340.npy,1,0.1240764856338501
brain_AXT1POST_200_6002340.npy,2,0.15441232919692993
brain_AXT1POST_200_6002340.npy,3,0.12635228037834167
brain_AXT1POST_200_6002340.npy,4,0.15438562631607056
brain_AXT1POST_200_6002340.npy,5,0.08764223754405975
brain_AXT1POST_200_6002340.npy,6,0.03760287165641785
brain_AXT1POST_200_6002340.npy,7,0.07921280711889267
brain_AXT1POST_200_6002340.npy,8,0.04901479557156563
brain_AXT1POST_200_6002340.npy,9,0.05975852906703949
brain_AXT1POST_200_6002340.npy,10,0.08123796433210373
brain_AXT1POST_210_6001672.npy,1,0.07484722137451172
brain_AXT1POST_210_6001672.npy,2,0.11879147589206696
brain_AXT1POST_210_6001672.npy,3,0.1597851663827896
brain_AXT1POST_210_6001672.npy,4,0.10949288308620453
brain_AXT1POST_210_6001672.npy,5,0.10673099756240845
brain_AXT1POST_210_6001672.npy,6,0.10436053574085236
brain_AXT1POST_210_6001672.npy,7,0.0748334676027298
brain_AXT1POST_210_6001672.npy,8,0.05071929842233658
brain_AXT1POST_210_6001672.npy,9,0.05770634487271309
brain_AXT1POST_210_6001672.npy,10,0.0716431736946106
brain_AXT1POST_201_6002731.npy,1,0.13092300295829773
brain_AXT1POST_201_6002731.npy,2,0.17679347097873688
brain_AXT1POST_201_6002731.npy,3,0.17450247704982758
brain_AXT1POST_201_6002731.npy,4,0.19727370142936707
brain_AXT1POST_201_6002731.npy,5,0.16131463646888733
brain_AXT1POST_201_6002731.npy,6,0.17876309156417847
brain_AXT1POST_201_6002731.npy,7,0.14539356529712677
brain_AXT1POST_201_6002731.npy,8,0.08593946695327759
brain_AXT1POST_201_6002731.npy,9,0.08108533173799515
brain_AXT1POST_201_6002731.npy,10,0.04455330967903137
brain_AXT1POST_209_6001279.npy,1,0.14619708061218262
brain_AXT1POST_209_6001279.npy,2,0.08563072234392166
brain_AXT1POST_209_6001279.npy,3,0.13564012944698334
brain_AXT1POST_209_6001279.npy,4,0.12802958488464355
brain_AXT1POST_209_6001279.npy,5,0.05682855471968651
brain_AXT1POST_209_6001279.npy,6,0.05099621042609215
brain_AXT1POST_209_6001279.npy,7,0.07024508714675903
brain_AXT1POST_209_6001279.npy,8,0.06861039996147156
brain_AXT1POST_209_6001279.npy,9,0.09376746416091919
brain_AXT1POST_209_6001279.npy,10,0.07038483768701553
brain_AXT1POST_203_6000665.npy,1,0.1139579638838768
brain_AXT1POST_203_6000665.npy,2,0.13716764748096466
brain_AXT1POST_203_6000665.npy,3,0.1253897249698639
brain_AXT1POST_203_6000665.npy,4,0.11163538694381714
brain_AXT1POST_203_6000665.npy,5,0.08169186115264893
brain_AXT1POST_203_6000665.npy,6,0.07494275271892548
brain_AXT1POST_203_6000665.npy,7,0.11493542790412903
brain_AXT1POST_203_6000665.npy,8,0.10020114481449127
brain_AXT1POST_203_6000665.npy,9,0.07868951559066772
brain_AXT1POST_203_6000665.npy,10,0.05865979567170143
brain_AXT1POST_209_6001320.npy,1,0.11907413601875305
brain_AXT1POST_209_6001320.npy,2,0.11902117729187012
brain_AXT1POST_209_6001320.npy,3,0.11553272604942322
brain_AXT1POST_209_6001320.npy,4,0.1246916726231575
brain_AXT1POST_209_6001320.npy,5,0.09640823304653168
brain_AXT1POST_209_6001320.npy,6,0.0716799795627594
brain_AXT1POST_209_6001320.npy,7,0.061095453798770905
brain_AXT1POST_209_6001320.npy,8,0.06695312261581421
brain_AXT1POST_209_6001320.npy,9,0.06906649470329285
brain_AXT1POST_209_6001320.npy,10,0.06116678565740585
brain_AXT1POST_208_2080213.npy,1,0.08449788391590118
brain_AXT1POST_208_2080213.npy,2,0.12408140301704407
brain_AXT1POST_208_2080213.npy,3,0.06806863844394684
brain_AXT1POST_208_2080213.npy,4,0.10698646306991577
brain_AXT1POST_208_2080213.npy,5,0.031177476048469543
brain_AXT1POST_208_2080213.npy,6,0.15128076076507568
brain_AXT1POST_208_2080213.npy,7,0.08430112898349762
brain_AXT1POST_208_2080213.npy,8,0.07930657267570496
brain_AXT1POST_208_2080213.npy,9,0.06986016780138016
brain_AXT1POST_208_2080213.npy,10,0.08410978317260742
brain_AXT1POST_201_6002683.npy,1,0.23750849068164825
brain_AXT1POST_201_6002683.npy,2,0.202897846698761
brain_AXT1POST_201_6002683.npy,3,0.21558651328086853
brain_AXT1POST_201_6002683.npy,4,0.13177818059921265
brain_AXT1POST_201_6002683.npy,5,0.12263861298561096
brain_AXT1POST_201_6002683.npy,6,0.11641868203878403
brain_AXT1POST_201_6002683.npy,7,0.08882775902748108
brain_AXT1POST_201_6002683.npy,8,0.13257387280464172
brain_AXT1POST_201_6002683.npy,9,0.12538310885429382
brain_AXT1POST_201_6002683.npy,10,0.08906876295804977
brain_AXT1POST_207_2070786.npy,1,0.12925836443901062
brain_AXT1POST_207_2070786.npy,2,0.07449783384799957
brain_AXT1POST_207_2070786.npy,3,0.05671627074480057
brain_AXT1POST_207_2070786.npy,4,0.13689547777175903
brain_AXT1POST_207_2070786.npy,5,0.04753047227859497
brain_AXT1POST_207_2070786.npy,6,0.09839895367622375
brain_AXT1POST_207_2070786.npy,7,0.11952321231365204
brain_AXT1POST_207_2070786.npy,8,0.06724733859300613
brain_AXT1POST_207_2070786.npy,9,0.0820336639881134
brain_AXT1POST_207_2070786.npy,10,0.054112356156110764
brain_AXT1POST_201_6002680.npy,1,0.09908392280340195
brain_AXT1POST_201_6002680.npy,2,0.13119067251682281
brain_AXT1POST_201_6002680.npy,3,0.07526411861181259
brain_AXT1POST_201_6002680.npy,4,0.10752186924219131
brain_AXT1POST_201_6002680.npy,5,0.12457580864429474
brain_AXT1POST_201_6002680.npy,6,0.11759127676486969
brain_AXT1POST_201_6002680.npy,7,0.08069554716348648
brain_AXT1POST_201_6002680.npy,8,0.06903889030218124
brain_AXT1POST_201_6002680.npy,9,0.04793013259768486
brain_AXT1POST_201_6002680.npy,10,0.059342559427022934
brain_AXT1POST_201_6002696.npy,1,0.1537170112133026
brain_AXT1POST_201_6002696.npy,2,0.1303439438343048
brain_AXT1POST_201_6002696.npy,3,0.09504148364067078
brain_AXT1POST_201_6002696.npy,4,0.14011627435684204
brain_AXT1POST_201_6002696.npy,5,0.07286102324724197
brain_AXT1POST_201_6002696.npy,6,0.10355152934789658
brain_AXT1POST_201_6002696.npy,7,0.0941867083311081
brain_AXT1POST_201_6002696.npy,8,0.06314311921596527
brain_AXT1POST_201_6002696.npy,9,0.04396967217326164
brain_AXT1POST_201_6002696.npy,10,0.06691847741603851
brain_AXT1POST_200_6002229.npy,1,0.13208621740341187
brain_AXT1POST_200_6002229.npy,2,0.06457272917032242
brain_AXT1POST_200_6002229.npy,3,0.134933739900589
brain_AXT1POST_200_6002229.npy,4,0.10696154087781906
brain_AXT1POST_200_6002229.npy,5,0.1250872015953064
brain_AXT1POST_200_6002229.npy,6,0.05801032856106758
brain_AXT1POST_200_6002229.npy,7,0.12205582857131958
brain_AXT1POST_200_6002229.npy,8,0.06663108617067337
brain_AXT1POST_200_6002229.npy,9,0.09978647530078888
brain_AXT1POST_200_6002229.npy,10,0.05356151610612869
brain_AXT1POST_203_6000712.npy,1,0.16233888268470764
brain_AXT1POST_203_6000712.npy,2,0.12079467624425888
brain_AXT1POST_203_6000712.npy,3,0.1263149529695511
brain_AXT1POST_203_6000712.npy,4,0.11490364372730255
brain_AXT1POST_203_6000712.npy,5,0.1320093423128128
brain_AXT1POST_203_6000712.npy,6,0.07158374041318893
brain_AXT1POST_203_6000712.npy,7,0.05546136200428009
brain_AXT1POST_203_6000712.npy,8,0.07705337554216385
brain_AXT1POST_203_6000712.npy,9,0.08299169689416885
brain_AXT1POST_203_6000712.npy,10,0.07236689329147339
brain_AXT1POST_200_6002188.npy,1,0.10291311889886856
brain_AXT1POST_200_6002188.npy,2,0.17972902953624725
brain_AXT1POST_200_6002188.npy,3,0.12559720873832703
brain_AXT1POST_200_6002188.npy,4,0.1373477280139923
brain_AXT1POST_200_6002188.npy,5,0.11192750930786133
brain_AXT1POST_200_6002188.npy,6,0.09359679371118546
brain_AXT1POST_200_6002188.npy,7,0.0869818776845932
brain_AXT1POST_200_6002188.npy,8,0.07478358596563339
brain_AXT1POST_200_6002188.npy,9,0.0490574836730957
brain_AXT1POST_200_6002188.npy,10,0.04184814915060997
brain_AXT1POST_202_6000580.npy,1,0.13984885811805725
brain_AXT1POST_202_6000580.npy,2,0.10296909511089325
brain_AXT1POST_202_6000580.npy,3,0.1199502944946289
brain_AXT1POST_202_6000580.npy,4,0.15963363647460938
brain_AXT1POST_202_6000580.npy,5,0.1392076015472412
brain_AXT1POST_202_6000580.npy,6,0.10324442386627197
brain_AXT1POST_202_6000580.npy,7,0.11051627993583679
brain_AXT1POST_202_6000580.npy,8,0.054291825741529465
brain_AXT1POST_202_6000580.npy,9,0.05626048892736435
brain_AXT1POST_202_6000580.npy,10,0.03487112745642662
brain_AXT1POST_209_6001250.npy,1,0.0932544469833374
brain_AXT1POST_209_6001250.npy,2,0.09962983429431915
brain_AXT1POST_209_6001250.npy,3,0.06385993957519531
brain_AXT1POST_209_6001250.npy,4,0.08035224676132202
brain_AXT1POST_209_6001250.npy,5,0.05188857018947601
brain_AXT1POST_209_6001250.npy,6,0.09509435296058655
brain_AXT1POST_209_6001250.npy,7,0.07897729426622391
brain_AXT1POST_209_6001250.npy,8,0.053870074450969696
brain_AXT1POST_209_6001250.npy,9,0.06977874040603638
brain_AXT1POST_209_6001250.npy,10,0.07026443630456924
brain_AXT1POST_210_6001735.npy,1,0.14731630682945251
brain_AXT1POST_210_6001735.npy,2,0.13848184049129486
brain_AXT1POST_210_6001735.npy,3,0.232433021068573
brain_AXT1POST_210_6001735.npy,4,0.18164804577827454
brain_AXT1POST_210_6001735.npy,5,0.16521096229553223
brain_AXT1POST_210_6001735.npy,6,0.09398562461137772
brain_AXT1POST_210_6001735.npy,7,0.06550569832324982
brain_AXT1POST_210_6001735.npy,8,0.08221272379159927
brain_AXT1POST_210_6001735.npy,9,0.04039750620722771
brain_AXT1POST_210_6001735.npy,10,0.07400371134281158
brain_AXT1POST_210_6001645.npy,1,0.09882281720638275
brain_AXT1POST_210_6001645.npy,2,0.08923643082380295
brain_AXT1POST_210_6001645.npy,3,0.15886206924915314
brain_AXT1POST_210_6001645.npy,4,0.09454856812953949
brain_AXT1POST_210_6001645.npy,5,0.08074456453323364
brain_AXT1POST_210_6001645.npy,6,0.11288915574550629
brain_AXT1POST_210_6001645.npy,7,0.061221733689308167
brain_AXT1POST_210_6001645.npy,8,0.07179132848978043
brain_AXT1POST_210_6001645.npy,9,0.0463874489068985
brain_AXT1POST_210_6001645.npy,10,0.0660829097032547
brain_AXT1POST_205_2050102.npy,1,0.03492407500743866
brain_AXT1POST_205_2050102.npy,2,0.10593760013580322
brain_AXT1POST_205_2050102.npy,3,0.12080292403697968
brain_AXT1POST_205_2050102.npy,4,0.06296318769454956
brain_AXT1POST_205_2050102.npy,5,0.08079759776592255
brain_AXT1POST_205_2050102.npy,6,0.0497027263045311
brain_AXT1POST_205_2050102.npy,7,0.035861290991306305
brain_AXT1POST_205_2050102.npy,8,0.04643525183200836
brain_AXT1POST_205_2050102.npy,9,0.03691539168357849
brain_AXT1POST_205_2050102.npy,10,0.06238001957535744
brain_AXT1POST_201_6002750.npy,1,0.12474840879440308
brain_AXT1POST_201_6002750.npy,2,0.12167565524578094
brain_AXT1POST_201_6002750.npy,3,0.08220500499010086
brain_AXT1POST_201_6002750.npy,4,0.161687970161438
brain_AXT1POST_201_6002750.npy,5,0.10265139490365982
brain_AXT1POST_201_6002750.npy,6,0.10179661214351654
brain_AXT1POST_201_6002750.npy,7,0.13348126411437988
brain_AXT1POST_201_6002750.npy,8,0.06056628003716469
brain_AXT1POST_201_6002750.npy,9,0.055296044796705246
brain_AXT1POST_201_6002750.npy,10,0.08105146884918213
brain_AXT1POST_201_6002668.npy,1,0.1724456399679184
brain_AXT1POST_201_6002668.npy,2,0.17026852071285248
brain_AXT1POST_201_6002668.npy,3,0.11522377282381058
brain_AXT1POST_201_6002668.npy,4,0.19114860892295837
brain_AXT1POST_201_6002668.npy,5,0.09421442449092865
brain_AXT1POST_201_6002668.npy,6,0.07387051731348038
brain_AXT1POST_201_6002668.npy,7,0.10007870197296143
brain_AXT1POST_201_6002668.npy,8,0.09166203439235687
brain_AXT1POST_201_6002668.npy,9,0.07655305415391922
brain_AXT1POST_201_6002668.npy,10,0.05320707708597183
brain_AXT1POST_200_6002349.npy,1,0.09527843445539474
brain_AXT1POST_200_6002349.npy,2,0.06822027266025543
brain_AXT1POST_200_6002349.npy,3,0.12203885614871979
brain_AXT1POST_200_6002349.npy,4,0.09911397099494934
brain_AXT1POST_200_6002349.npy,5,0.06471069902181625
brain_AXT1POST_200_6002349.npy,6,0.06402258574962616
brain_AXT1POST_200_6002349.npy,7,0.07763862609863281
brain_AXT1POST_200_6002349.npy,8,0.047340307384729385
brain_AXT1POST_200_6002349.npy,9,0.09176739305257797
brain_AXT1POST_200_6002349.npy,10,0.0434773825109005
brain_AXT1POST_203_6000760.npy,1,0.0873824954032898
brain_AXT1POST_203_6000760.npy,2,0.17420116066932678
brain_AXT1POST_203_6000760.npy,3,0.09883575141429901
brain_AXT1POST_203_6000760.npy,4,0.11948122084140778
brain_AXT1POST_203_6000760.npy,5,0.1133551299571991
brain_AXT1POST_203_6000760.npy,6,0.07618162035942078
brain_AXT1POST_203_6000760.npy,7,0.08068493008613586
brain_AXT1POST_203_6000760.npy,8,0.08826491981744766
brain_AXT1POST_203_6000760.npy,9,0.08623145520687103
brain_AXT1POST_203_6000760.npy,10,0.06284737586975098
brain_AXT1POST_210_6001797.npy,1,0.15581272542476654
brain_AXT1POST_210_6001797.npy,2,0.1685650646686554
brain_AXT1POST_210_6001797.npy,3,0.19825418293476105
brain_AXT1POST_210_6001797.npy,4,0.13248369097709656
brain_AXT1POST_210_6001797.npy,5,0.1478254199028015
brain_AXT1POST_210_6001797.npy,6,0.12208852171897888
brain_AXT1POST_210_6001797.npy,7,0.09913533926010132
brain_AXT1POST_210_6001797.npy,8,0.06353290379047394
brain_AXT1POST_210_6001797.npy,9,0.08961336314678192
brain_AXT1POST_210_6001797.npy,10,0.08202077448368073
brain_AXT1POST_200_6002065.npy,1,0.15905363857746124
brain_AXT1POST_200_6002065.npy,2,0.14201557636260986
brain_AXT1POST_200_6002065.npy,3,0.06303378939628601
brain_AXT1POST_200_6002065.npy,4,0.13720470666885376
brain_AXT1POST_200_6002065.npy,5,0.08848992735147476
brain_AXT1POST_200_6002065.npy,6,0.13587495684623718
brain_AXT1POST_200_6002065.npy,7,0.07731903344392776
brain_AXT1POST_200_6002065.npy,8,0.061684705317020416
brain_AXT1POST_200_6002065.npy,9,0.04560711234807968
brain_AXT1POST_200_6002065.npy,10,0.07311908900737762
brain_AXT1POST_201_6002737.npy,1,0.1888466626405716
brain_AXT1POST_201_6002737.npy,2,0.07847943902015686
brain_AXT1POST_201_6002737.npy,3,0.09158124029636383
brain_AXT1POST_201_6002737.npy,4,0.13094383478164673
brain_AXT1POST_201_6002737.npy,5,0.08479557931423187
brain_AXT1POST_201_6002737.npy,6,0.15917257964611053
brain_AXT1POST_201_6002737.npy,7,0.07406759262084961
brain_AXT1POST_201_6002737.npy,8,0.08240585029125214
brain_AXT1POST_201_6002737.npy,9,0.08560577780008316
brain_AXT1POST_201_6002737.npy,10,0.0558980256319046
brain_AXT1POST_209_6001354.npy,1,0.10297288000583649
brain_AXT1POST_209_6001354.npy,2,0.1283036321401596
brain_AXT1POST_209_6001354.npy,3,0.07526114583015442
brain_AXT1POST_209_6001354.npy,4,0.1247747540473938
brain_AXT1POST_209_6001354.npy,5,0.07271140068769455
brain_AXT1POST_209_6001354.npy,6,0.06557680666446686
brain_AXT1POST_209_6001354.npy,7,0.041664861142635345
brain_AXT1POST_209_6001354.npy,8,0.08306119590997696
brain_AXT1POST_209_6001354.npy,9,0.07239892333745956
brain_AXT1POST_209_6001354.npy,10,0.05991217494010925
brain_AXT1POST_200_6002413.npy,1,0.1859554648399353
brain_AXT1POST_200_6002413.npy,2,0.13601411879062653
brain_AXT1POST_200_6002413.npy,3,0.10336168110370636
brain_AXT1POST_200_6002413.npy,4,0.08972091227769852
brain_AXT1POST_200_6002413.npy,5,0.10212039947509766
brain_AXT1POST_200_6002413.npy,6,0.10903187096118927
brain_AXT1POST_200_6002413.npy,7,0.0901447981595993
brain_AXT1POST_200_6002413.npy,8,0.050554025918245316
brain_AXT1POST_200_6002413.npy,9,0.04064334183931351
brain_AXT1POST_200_6002413.npy,10,0.042538516223430634
brain_AXT1POST_202_6000269.npy,1,0.07916756719350815
brain_AXT1POST_202_6000269.npy,2,0.13445007801055908
brain_AXT1POST_202_6000269.npy,3,0.15072348713874817
brain_AXT1POST_202_6000269.npy,4,0.11930397152900696
brain_AXT1POST_202_6000269.npy,5,0.10085771977901459
brain_AXT1POST_202_6000269.npy,6,0.11657823622226715
brain_AXT1POST_202_6000269.npy,7,0.10884925723075867
brain_AXT1POST_202_6000269.npy,8,0.08092081546783447
brain_AXT1POST_202_6000269.npy,9,0.040247317403554916
brain_AXT1POST_202_6000269.npy,10,0.054595209658145905
brain_AXT1POST_200_6002305.npy,1,0.11125655472278595
brain_AXT1POST_200_6002305.npy,2,0.1325283795595169
brain_AXT1POST_200_6002305.npy,3,0.14476051926612854
brain_AXT1POST_200_6002305.npy,4,0.15300293266773224
brain_AXT1POST_200_6002305.npy,5,0.08155498653650284
brain_AXT1POST_200_6002305.npy,6,0.09087469428777695
brain_AXT1POST_200_6002305.npy,7,0.0567452572286129
brain_AXT1POST_200_6002305.npy,8,0.05601166561245918
brain_AXT1POST_200_6002305.npy,9,0.05710417404770851
brain_AXT1POST_200_6002305.npy,10,0.05408916249871254
brain_AXT1POST_205_2050159.npy,1,0.3555007576942444
brain_AXT1POST_205_2050159.npy,2,0.20986251533031464
brain_AXT1POST_205_2050159.npy,3,0.3069988489151001
brain_AXT1POST_205_2050159.npy,4,0.2645335793495178
brain_AXT1POST_205_2050159.npy,5,0.2998858690261841
brain_AXT1POST_205_2050159.npy,6,0.26645976305007935
brain_AXT1POST_205_2050159.npy,7,0.2340482473373413
brain_AXT1POST_205_2050159.npy,8,0.06998731195926666
brain_AXT1POST_205_2050159.npy,9,0.30267438292503357
brain_AXT1POST_205_2050159.npy,10,0.19015108048915863
brain_AXT1POST_203_6000774.npy,1,0.13005918264389038
brain_AXT1POST_203_6000774.npy,2,0.08460836857557297
brain_AXT1POST_203_6000774.npy,3,0.05495152622461319
brain_AXT1POST_203_6000774.npy,4,0.1254422962665558
brain_AXT1POST_203_6000774.npy,5,0.11560958623886108
brain_AXT1POST_203_6000774.npy,6,0.05513644590973854
brain_AXT1POST_203_6000774.npy,7,0.06815771758556366
brain_AXT1POST_203_6000774.npy,8,0.06692466884851456
brain_AXT1POST_203_6000774.npy,9,0.04768943786621094
brain_AXT1POST_203_6000774.npy,10,0.05542890727519989
brain_AXT1POST_200_6002259.npy,1,0.17029285430908203
brain_AXT1POST_200_6002259.npy,2,0.13813629746437073
brain_AXT1POST_200_6002259.npy,3,0.10272085666656494
brain_AXT1POST_200_6002259.npy,4,0.11019624024629593
brain_AXT1POST_200_6002259.npy,5,0.08285835385322571
brain_AXT1POST_200_6002259.npy,6,0.051047876477241516
brain_AXT1POST_200_6002259.npy,7,0.059822507202625275
brain_AXT1POST_200_6002259.npy,8,0.06612786650657654
brain_AXT1POST_200_6002259.npy,9,0.05075262114405632
brain_AXT1POST_200_6002259.npy,10,0.06709306687116623
brain_AXT1POST_207_2070123.npy,1,0.35383522510528564
brain_AXT1POST_207_2070123.npy,2,0.1372932642698288
brain_AXT1POST_207_2070123.npy,3,0.13020138442516327
brain_AXT1POST_207_2070123.npy,4,0.3159056007862091
brain_AXT1POST_207_2070123.npy,5,0.2859199643135071
brain_AXT1POST_207_2070123.npy,6,0.13859711587429047
brain_AXT1POST_207_2070123.npy,7,0.16037316620349884
brain_AXT1POST_207_2070123.npy,8,0.2212577760219574
brain_AXT1POST_207_2070123.npy,9,0.13182333111763
brain_AXT1POST_207_2070123.npy,10,0.1898323893547058
brain_AXT1POST_201_6002817.npy,1,0.18794111907482147
brain_AXT1POST_201_6002817.npy,2,0.15539269149303436
brain_AXT1POST_201_6002817.npy,3,0.18864434957504272
brain_AXT1POST_201_6002817.npy,4,0.15446743369102478
brain_AXT1POST_201_6002817.npy,5,0.140839084982872
brain_AXT1POST_201_6002817.npy,6,0.1385079175233841
brain_AXT1POST_201_6002817.npy,7,0.050681885331869125
brain_AXT1POST_201_6002817.npy,8,0.06790392845869064
brain_AXT1POST_201_6002817.npy,9,0.045085228979587555
brain_AXT1POST_201_6002817.npy,10,0.08355039358139038
brain_AXT1POST_203_6000827.npy,1,0.06533513963222504
brain_AXT1POST_203_6000827.npy,2,0.1441681832075119
brain_AXT1POST_203_6000827.npy,3,0.08691553771495819
brain_AXT1POST_203_6000827.npy,4,0.07716770470142365
brain_AXT1POST_203_6000827.npy,5,0.12795165181159973
brain_AXT1POST_203_6000827.npy,6,0.077471062541008
brain_AXT1POST_203_6000827.npy,7,0.09579841047525406
brain_AXT1POST_203_6000827.npy,8,0.04689788073301315
brain_AXT1POST_203_6000827.npy,9,0.07286427915096283
brain_AXT1POST_203_6000827.npy,10,0.060737743973731995
brain_AXT1POST_209_6001234.npy,1,0.11509265005588531
brain_AXT1POST_209_6001234.npy,2,0.09300778806209564
brain_AXT1POST_209_6001234.npy,3,0.12888818979263306
brain_AXT1POST_209_6001234.npy,4,0.08224986493587494
brain_AXT1POST_209_6001234.npy,5,0.08898437023162842
brain_AXT1POST_209_6001234.npy,6,0.09120768308639526
brain_AXT1POST_209_6001234.npy,7,0.05408596619963646
brain_AXT1POST_209_6001234.npy,8,0.0834534540772438
brain_AXT1POST_209_6001234.npy,9,0.05245759338140488
brain_AXT1POST_209_6001234.npy,10,0.05512019619345665
brain_AXT1POST_203_6000628.npy,1,0.1788671910762787
brain_AXT1POST_203_6000628.npy,2,0.14161881804466248
brain_AXT1POST_203_6000628.npy,3,0.15526746213436127
brain_AXT1POST_203_6000628.npy,4,0.11275883764028549
brain_AXT1POST_203_6000628.npy,5,0.13402366638183594
brain_AXT1POST_203_6000628.npy,6,0.09356445074081421
brain_AXT1POST_203_6000628.npy,7,0.09959056973457336
brain_AXT1POST_203_6000628.npy,8,0.07102054357528687
brain_AXT1POST_203_6000628.npy,9,0.03968050330877304
brain_AXT1POST_203_6000628.npy,10,0.06831689924001694
brain_AXT1POST_200_6002089.npy,1,0.09608782082796097
brain_AXT1POST_200_6002089.npy,2,0.1297512650489807
brain_AXT1POST_200_6002089.npy,3,0.1242397278547287
brain_AXT1POST_200_6002089.npy,4,0.06587326526641846
brain_AXT1POST_200_6002089.npy,5,0.08619178086519241
brain_AXT1POST_200_6002089.npy,6,0.08864592760801315
brain_AXT1POST_200_6002089.npy,7,0.10618150979280472
brain_AXT1POST_200_6002089.npy,8,0.07476852834224701
brain_AXT1POST_200_6002089.npy,9,0.038839831948280334
brain_AXT1POST_200_6002089.npy,10,0.05828487500548363
brain_AXT1POST_209_6001236.npy,1,0.14727313816547394
brain_AXT1POST_209_6001236.npy,2,0.06800258904695511
brain_AXT1POST_209_6001236.npy,3,0.15804077684879303
brain_AXT1POST_209_6001236.npy,4,0.08924677968025208
brain_AXT1POST_209_6001236.npy,5,0.09721635282039642
brain_AXT1POST_209_6001236.npy,6,0.08305145800113678
brain_AXT1POST_209_6001236.npy,7,0.10041631013154984
brain_AXT1POST_209_6001236.npy,8,0.06450749188661575
brain_AXT1POST_209_6001236.npy,9,0.09012654423713684
brain_AXT1POST_209_6001236.npy,10,0.06945816427469254
brain_AXT1POST_201_6002814.npy,1,0.10332581400871277
brain_AXT1POST_201_6002814.npy,2,0.16434228420257568
brain_AXT1POST_201_6002814.npy,3,0.15755560994148254
brain_AXT1POST_201_6002814.npy,4,0.06548241525888443
brain_AXT1POST_201_6002814.npy,5,0.051640357822179794
brain_AXT1POST_201_6002814.npy,6,0.10047191381454468
brain_AXT1POST_201_6002814.npy,7,0.06233995407819748
brain_AXT1POST_201_6002814.npy,8,0.08988762646913528
brain_AXT1POST_201_6002814.npy,9,0.07543406635522842
brain_AXT1POST_201_6002814.npy,10,0.07934734970331192
brain_AXT1POST_203_6000749.npy,1,0.1029854565858841
brain_AXT1POST_203_6000749.npy,2,0.13738569617271423
brain_AXT1POST_203_6000749.npy,3,0.12524448335170746
brain_AXT1POST_203_6000749.npy,4,0.0744822770357132
brain_AXT1POST_203_6000749.npy,5,0.13279005885124207
brain_AXT1POST_203_6000749.npy,6,0.09080316871404648
brain_AXT1POST_203_6000749.npy,7,0.10596677660942078
brain_AXT1POST_203_6000749.npy,8,0.07248373329639435
brain_AXT1POST_203_6000749.npy,9,0.10248260200023651
brain_AXT1POST_203_6000749.npy,10,0.046418674290180206
brain_AXT1POST_200_6001959.npy,1,0.08312952518463135
brain_AXT1POST_200_6001959.npy,2,0.0812341645359993
brain_AXT1POST_200_6001959.npy,3,0.11366643011569977
brain_AXT1POST_200_6001959.npy,4,0.04965251684188843
brain_AXT1POST_200_6001959.npy,5,0.032881103456020355
brain_AXT1POST_200_6001959.npy,6,0.05587511882185936
brain_AXT1POST_200_6001959.npy,7,0.04530070349574089
brain_AXT1POST_200_6001959.npy,8,0.05106010288000107
brain_AXT1POST_200_6001959.npy,9,0.034312911331653595
brain_AXT1POST_200_6001959.npy,10,0.0538366436958313
brain_AXT1POST_203_6000776.npy,1,0.11202816665172577
brain_AXT1POST_203_6000776.npy,2,0.07329528033733368
brain_AXT1POST_203_6000776.npy,3,0.19300246238708496
brain_AXT1POST_203_6000776.npy,4,0.14109055697917938
brain_AXT1POST_203_6000776.npy,5,0.10969369858503342
brain_AXT1POST_203_6000776.npy,6,0.13648343086242676
brain_AXT1POST_203_6000776.npy,7,0.09297619760036469
brain_AXT1POST_203_6000776.npy,8,0.09646690636873245
brain_AXT1POST_203_6000776.npy,9,0.0584438219666481
brain_AXT1POST_203_6000776.npy,10,0.07093990594148636
brain_AXT1POST_209_6001434.npy,1,0.05406156927347183
brain_AXT1POST_209_6001434.npy,2,0.11966757476329803
brain_AXT1POST_209_6001434.npy,3,0.0666779950261116
brain_AXT1POST_209_6001434.npy,4,0.0992044135928154
brain_AXT1POST_209_6001434.npy,5,0.08423449844121933
brain_AXT1POST_209_6001434.npy,6,0.08557891845703125
brain_AXT1POST_209_6001434.npy,7,0.09253792464733124
brain_AXT1POST_209_6001434.npy,8,0.06026516854763031
brain_AXT1POST_209_6001434.npy,9,0.07585427165031433
brain_AXT1POST_209_6001434.npy,10,0.06998133659362793
brain_AXT1POST_208_2080504.npy,1,0.11146420985460281
brain_AXT1POST_208_2080504.npy,2,0.13508658111095428
brain_AXT1POST_208_2080504.npy,3,0.11208229511976242
brain_AXT1POST_208_2080504.npy,4,0.043280746787786484
brain_AXT1POST_208_2080504.npy,5,0.12360391020774841
brain_AXT1POST_208_2080504.npy,6,0.06684813648462296
brain_AXT1POST_208_2080504.npy,7,0.047673579305410385
brain_AXT1POST_208_2080504.npy,8,0.0435960553586483
brain_AXT1POST_208_2080504.npy,9,0.08097634464502335
brain_AXT1POST_208_2080504.npy,10,0.06340903043746948
brain_AXT1POST_200_6002077.npy,1,0.14516997337341309
brain_AXT1POST_200_6002077.npy,2,0.14048689603805542
brain_AXT1POST_200_6002077.npy,3,0.15142229199409485
brain_AXT1POST_200_6002077.npy,4,0.09633681178092957
brain_AXT1POST_200_6002077.npy,5,0.11851774901151657
brain_AXT1POST_200_6002077.npy,6,0.10321605950593948
brain_AXT1POST_200_6002077.npy,7,0.1019207015633583
brain_AXT1POST_200_6002077.npy,8,0.09977179020643234
brain_AXT1POST_200_6002077.npy,9,0.07640936225652695
brain_AXT1POST_200_6002077.npy,10,0.07357914745807648
brain_AXT1POST_210_6001790.npy,1,0.14114901423454285
brain_AXT1POST_210_6001790.npy,2,0.10404011607170105
brain_AXT1POST_210_6001790.npy,3,0.12979838252067566
brain_AXT1POST_210_6001790.npy,4,0.15815788507461548
brain_AXT1POST_210_6001790.npy,5,0.09698909521102905
brain_AXT1POST_210_6001790.npy,6,0.0566147118806839
brain_AXT1POST_210_6001790.npy,7,0.09202565997838974
brain_AXT1POST_210_6001790.npy,8,0.10808241367340088
brain_AXT1POST_210_6001790.npy,9,0.08265584707260132
brain_AXT1POST_210_6001790.npy,10,0.08590922504663467
brain_AXT1POST_201_6002795.npy,1,0.16927239298820496
brain_AXT1POST_201_6002795.npy,2,0.18826034665107727
brain_AXT1POST_201_6002795.npy,3,0.16250206530094147
brain_AXT1POST_201_6002795.npy,4,0.1449669599533081
brain_AXT1POST_201_6002795.npy,5,0.12684457004070282
brain_AXT1POST_201_6002795.npy,6,0.1591540426015854
brain_AXT1POST_201_6002795.npy,7,0.08809280395507812
brain_AXT1POST_201_6002795.npy,8,0.038456227630376816
brain_AXT1POST_201_6002795.npy,9,0.06553540378808975
brain_AXT1POST_201_6002795.npy,10,0.072479248046875
brain_AXT1POST_205_2050148.npy,1,0.12609241902828217
brain_AXT1POST_205_2050148.npy,2,0.159243643283844
brain_AXT1POST_205_2050148.npy,3,0.09136313199996948
brain_AXT1POST_205_2050148.npy,4,0.11677895486354828
brain_AXT1POST_205_2050148.npy,5,0.12184686958789825
brain_AXT1POST_205_2050148.npy,6,0.060637399554252625
brain_AXT1POST_205_2050148.npy,7,0.08501728624105453
brain_AXT1POST_205_2050148.npy,8,0.0578969307243824
brain_AXT1POST_205_2050148.npy,9,0.06196383386850357
brain_AXT1POST_205_2050148.npy,10,0.057255055755376816
brain_AXT1POST_210_6001787.npy,1,0.1989096701145172
brain_AXT1POST_210_6001787.npy,2,0.16167062520980835
brain_AXT1POST_210_6001787.npy,3,0.16894488036632538
brain_AXT1POST_210_6001787.npy,4,0.11830058693885803
brain_AXT1POST_210_6001787.npy,5,0.08578762412071228
brain_AXT1POST_210_6001787.npy,6,0.11824021488428116
brain_AXT1POST_210_6001787.npy,7,0.08873917162418365
brain_AXT1POST_210_6001787.npy,8,0.09197912365198135
brain_AXT1POST_210_6001787.npy,9,0.05858076736330986
brain_AXT1POST_210_6001787.npy,10,0.05705481395125389
